month,day,year,gen,use,House overall,Furnace,Home office,Living room,Wine cellar,Garage door,Kitchen,Barn,Well,Fridge,Microwave,Dishwasher,Temperature,Humidity,Visibility,ApparentTemperature,Pressure,WindSpeed,windBearing,Precip,DewPoint
1,1,2016,18.02619997,1366.269517,1366.269517,492.0200167,64.66878333,77.07166667,29.09336667,15.22836666,11.61983257,99.62295001,30.53723342,94.74030001,12.96111667,59.51717108,40727.34,720.28,11125.6,33989.34,1156803.96,8420.92,300606,0.1276,27849.26
1,2,2016,76.05129995,1851.521067,1851.521067,683.7619667,145.5703167,71.14294998,24.09676666,19.24633335,15.46425557,185.7769667,33.68813341,74.85173332,12.4803,63.15440425,45637.3,835.28,14333.36,35226.44,1460895.76,11733.58,380922,0,26637.98
1,3,2016,74.08143334,1651.128133,1651.128133,613.6305333,196.0641667,42.77925001,32.98953335,19.44493334,19.09200397,146.4936667,31.95523341,92.14903334,19.06611664,105.5086681,47914.02,883.58,14400,38548.42,1453861.98,10967.42,327054,0,30604.26
1,4,2016,108.5250167,1500.686017,1500.686017,605.1297667,180.6508667,93.07746667,20.98069999,19.24998334,17.3462544,47.83701663,43.4388834,71.01668336,20.24993334,58.88075981,32108.72,861.98,14119.28,15936.88,1463662.42,16165.7,460508,0,14835.9
1,5,2016,148.1075,1597.968867,1597.968867,817.06525,133.3608667,44.48365,30.79229998,19.77306666,14.75448891,50.16606666,19.15741673,80.13563333,16.65896668,72.97325416,17208.2,770.82,14394.78,3973.98,1489091.46,9592.18,419634,0,-3292.16
1,6,2016,136.9220333,1267.2627,1267.2627,685.9901333,167.2165167,47.64810001,19.10579999,20.21856666,7.764804512,45.19905,15.80296676,61.03611667,6.025933367,0.140791855,28765.2,825.1,14330.4,22724.6,1486863.08,5726.98,312532,0,7985.04
1,7,2016,111.0772167,1388.44415,1388.44415,568.1066833,146.3547,75.69078335,29.77703333,18.62371666,15.62338712,167.8978,16.10096676,67.34205,31.14818334,68.74632204,33599.04,895.74,14287.2,31265.42,1477864.54,3576.78,198706,0,15923.34
1,8,2016,31.26721663,1584.852233,1584.852233,630.8740833,159.9899667,69.6185,25.38288335,21.28275,15.04658639,144.6639333,17.8112501,153.4704167,10.47355004,62.60722148,42463.28,1033.16,14205.98,35261.18,1475104.86,7083.1,52432,0,30723.44
1,9,2016,27.69113333,1303.7079,1303.7079,553.4663,113.3367833,55.88361668,26.65353334,21.48184999,14.42115492,145.8454167,21.05763342,64.85245001,10.35275001,0.094324672,54431.36,1148.64,12903.56,50012.22,1472674.6,6061.94,91426,0,46180.16
1,10,2016,8.630966709,1638.143817,1638.143817,448.8713,159.4192167,89.31045001,27.88255002,19.30449999,17.35163652,89.86865002,27.69193342,97.87960001,9.701366658,59.46324441,65328.62,1212.9,10617.86,60219.9,1442159.72,12076.34,219432,36.0238,58692.02
1,11,2016,80.06955001,1595.681217,1595.681217,607.9092,142.9652333,148.34045,31.30381667,18.89843333,16.66270407,51.35865,34.75523342,81.38690002,14.05109999,51.10065481,37995.2,667.44,14378.54,25174.16,1457371.62,15447.82,388552,0,11746.14
1,12,2016,56.72513336,1566.298367,1566.298367,699.8788333,156.4964667,88.44246667,22.20016669,18.65103334,16.3922217,51.18301666,17.77773342,80.07543334,16.75038333,73.3407028,37019.56,986,11865.9,28385.74,1452407.3,9427.36,279262,1.3862,23338.42
1,13,2016,90.76486668,1523.282583,1523.282583,817.17375,171.3058,32.40853333,29.32345,20.08731666,8.781506202,46.77454999,19.67455002,79.76918333,7.697216656,79.22060105,29184.54,798.24,13762.44,14089.08,1456468.4,15363.68,381954,0,9485.88
1,14,2016,112.9268,1400.3316,1400.3316,777.76775,118.2391167,50.29263332,23.42625,19.54320001,19.20795413,57.38573333,19.86831665,63.72033333,12.76878337,64.51963578,34581.48,946.66,13902.3,27178.68,1459170,7064.68,309688,0,20113.58
1,15,2016,63.82974994,1223.515733,1223.515733,610.59195,138.8893167,39.61121666,24.70368332,20.14750001,15.31162073,45.87868335,15.53949999,66.57526666,8.669533348,0.310241579,50064.76,1069.68,13036.96,45708.56,1451222.78,6068.84,60078,3.0898,39091.8
1,16,2016,20.08506669,1456.298733,1456.298733,526.7078833,159.9231167,3.357666668,24.17859999,22.18463334,8.826253498,88.78990001,33.77783333,83.41193334,14.47299998,78.41488785,51704.12,1125.5,12815.76,45054.78,1444614.78,8957.24,419138,10.256,42576.4
1,17,2016,22.26666668,1600.121767,1600.121767,621.87955,148.21555,83.69588332,46.51901667,18.95981666,17.42056971,126.38095,23.73143333,83.37243331,16.39881668,68.96487202,40894.08,942.98,12798.1,32085.78,1449397.2,8791.84,298740,0.5684,26046.4
1,18,2016,116.443,2245.475367,2245.475367,777.35915,140.7754167,215.20235,25.85986668,18.80301668,12.29877032,172.4801833,32.86699999,88.17423333,14.60196668,56.02007111,26502.92,721.62,13339.1,5576.88,1452262.26,22994,416628,0,4077.64
1,19,2016,90.20348333,1927.057417,1927.057417,1087.5887,164.5082167,40.64401618,19.89446667,18.25683334,20.78805588,47.68033332,28.52625048,63.08571665,11.04205002,67.19716334,29427.6,764.24,14063.62,9795.02,1462085.94,22339.58,434824,0,8520.24
1,20,2016,142.8862,1364.21655,1364.21655,826.2948666,119.5266333,34.89283332,25.5867,19.86199999,7.605571705,68.28476668,19.32429996,79.81333334,6.659866664,0.139638561,34511.68,782.02,14400,22169.92,1466666.76,11569.66,431614,0,13619.26
1,21,2016,156.7370001,1255.648083,1255.648083,689.5037833,97.58526668,46.70360001,23.51758331,20.46193335,20.0875042,89.35306668,20.10653333,63.19698333,10.22055003,72.71408935,31582.8,710.74,14400,16889.38,1471702.34,14262.62,431890,0,7897.54
1,22,2016,106.3151666,1399.82565,1399.82565,792.8266333,117.3021666,24.45773333,22.50405,19.06681667,8.956103851,143.2915333,14.81465,59.38646669,9.229816691,0.136537489,34200.8,722.76,14164.3,20540.72,1468315.48,13297.22,50730,0,11070.58
1,23,2016,22.40644996,1811.468983,1811.468983,792.8411167,82.81055,66.91678331,22.20169999,20.57061666,19.54547047,120.3977667,35.00583335,83.91088333,28.89680002,62.68673958,32393.42,746.64,12732.14,16421.12,1454778.82,16594.76,215802,0.8062,10487.04
1,24,2016,138.17215,1442.58205,1442.58205,683.9772833,123.3974,2.565883335,37.74713334,19.78711667,16.41750323,229.6500833,22.58133332,63.90140001,7.618850054,69.17515664,38715.78,737.78,14390.14,31277.52,1468568.64,7272.38,394602,0,15095.48
1,25,2016,134.7391667,1324.104717,1324.104717,587.3572667,80.2762,70.01750001,23.75768333,19.43730001,15.17664108,68.07238335,39.73211666,79.22630002,22.32588335,66.42033924,46343.5,966.66,14090.86,38466.86,1469369.32,9206.44,267114,0.058,31908.82
1,26,2016,43.20321667,1477.274667,1477.274667,541.0626,103.9515833,66.18736664,23.34815001,18.79381667,15.96465477,183.7792333,27.32476668,92.21404998,11.31651671,52.16267231,58144.4,860.8,14400,50000.84,1458756.82,13170.08,370510,0,39108.06
1,27,2016,90.27249997,993.1006667,993.1006667,455.9254,125.2827667,37.18465,23.25943333,19.2412,13.25547286,57.81041667,16.46153334,66.55505001,9.954600014,0.069193348,41495.02,900.74,14390.14,34661.78,1463476.92,10204.94,328268,0,24348.5
1,28,2016,153.4766667,1357.671067,1357.671067,599.5565167,111.17195,58.11835002,28.82418332,18.99596666,17.63595472,133.59815,17.58990001,68.15796667,18.67735003,69.53263898,46930.5,1020.14,13289.88,42356.74,1441506.52,6563.22,343094,0.1798,34577.94
1,29,2016,40.74390005,1363.661033,1363.661033,556.9209667,83.97874999,49.00556668,33.75894999,19.02939999,13.80773879,203.7289,21.51448334,79.41479999,9.614716689,69.8136057,42736.78,896.22,14287.48,31716,1456736.12,12070.18,382410,0,26077.32
1,30,2016,98.097,1237.430117,1237.430117,670.9535166,93.16729998,41.88183331,35.95778334,20.70331665,4.528686251,61.06443332,16.69258331,63.70163332,5.811500028,0.103787971,57147.16,743.06,14400,49735.52,1457675.38,11311.72,266524,0,33100.02
1,31,2016,75.82171673,1541.12255,1541.12255,449.4546333,97.53913332,54.52288335,26.1354,19.70633333,24.87788641,143.6961333,31.20306666,89.74756665,23.63483336,60.44290767,63745.96,914.48,14241.66,58233.74,1451809.94,12391.62,341520,0,46294.66
2,1,2016,56.27348332,1488.24655,1488.24655,369.5574667,104.53135,79.07388335,38.47290002,20.88998331,18.0987255,60.48825,35.39338332,85.17704999,7.534916659,126.9241075,51761.18,894.76,14400,47900.62,1473286.44,6063.8,409262,0,33547.22
2,2,2016,154.6998166,1044.648117,1044.648117,393.6822333,93.09766667,42.93324999,21.13145001,19.31378334,12.2941051,121.00695,23.04871667,82.71593334,17.66461668,57.83694049,58487.2,1171.76,11501.44,55393.48,1469136.2,9534.56,210166,30.0826,50880.46
2,3,2016,6.349733387,1136.211783,1136.211783,501.0760833,130.9121333,32.53931665,31.44336668,20.48498334,5.789422858,72.02241667,15.45858335,63.14601666,5.874950012,0.073808999,69735.92,990.6,14019.24,65772.76,1460779.44,11877.42,397094,1.1156,54851.9
2,4,2016,56.09899999,842.0850334,842.0850334,294.8898,75.93796667,34.74553336,22.61280001,20.79118334,6.643710777,79.16786667,11.70423332,65.41083334,10.36455003,58.1087369,46621.96,963.74,10502.22,35493.72,1467854.38,13448.82,448726,5.9044,32022.62
2,5,2016,14.40975,1256.4911,1256.4911,474.7125167,120.1590166,36.17198334,33.47908334,19.13581666,11.01406942,158.3491167,18.69458335,84.10398334,8.623866659,0.06972551,37730.2,987.6,14067.92,30232.4,1477484.46,8874.48,296500,0,24316.6
2,6,2016,142.2038834,1186.179483,1186.179483,598.12205,91.55733337,18.79810001,22.71051666,19.78625001,11.97193689,66.56095002,23.60281665,62.50873333,11.13456668,72.12134011,44814.32,946.28,13404.06,41927.46,1468633.48,4404.22,213646,0,29077.48
2,7,2016,151.2738001,1064.3469,1064.3469,532.0080333,59.10266664,2.113666647,48.58081666,19.40039998,9.673138466,130.8551167,23.88743331,65.01856668,9.407666677,0.092655106,36606.12,1011.08,8345.58,23131.04,1454212.92,14280.26,54456,3.8744,23824.4
2,8,2016,8.794249932,2132.3096,2132.3096,646.7885834,112.0797333,149.0692166,28.00448333,18.85023333,91.41816882,66.16479998,39.99626664,88.58381667,21.38351668,92.89587121,32990.66,1105.38,12488.46,29626.16,1445526.86,4386.54,140618,1.769,23855.94
2,9,2016,108.7687,1456.233883,1456.233883,600.7594167,124.3385667,43.6355,23.13325003,19.89783335,12.6811381,195.5820167,24.46304997,85.30959999,10.30385,22.2319421,39831,1108.7,10129.44,34284.98,1444107.18,6275.04,355948,2.5056,30610.82
2,10,2016,5.586549929,1293.897717,1293.897717,619.67735,98.09033334,26.11906665,37.48145001,19.87703333,9.043087009,51.72101667,16.78864998,61.82954999,9.455716685,69.56082285,22177.88,764.04,13390.48,2579.16,1458550.68,18322.78,420350,0,1777
2,11,2016,43.26446671,1526.5999,1526.5999,767.43255,102.0759667,77.66956666,28.08036666,20.55245001,12.33648444,55.45085001,21.06746667,83.08743334,18.02470001,75.66160504,19725.66,831.94,14369.92,9079.76,1464197.72,8120.36,309692,0,1367.26
2,12,2016,113.5997833,1836.272667,1836.272667,1190.256817,114.8751833,41.22956669,21.11038334,19.14198335,10.83768349,53.02513333,18.62949997,86.28648333,11.15443334,0.221923388,3143.9,667.52,13882.76,-21861.16,1468346.66,19886.22,435636,0,-20163.74
2,13,2016,164.40555,1840.349867,1840.349867,971.8340833,107.6192167,40.58401668,32.54440001,18.77524999,13.40935123,250.4994,37.43873331,78.51508333,12.48666666,57.47910377,-4134.88,713.02,14351.42,-17106.48,1487784.5,8668.56,395580,0,-25843.26
2,14,2016,196.8747167,1676.9517,1676.9517,1214.654117,87.83708332,2.126200004,22.07876665,18.04138334,14.39822149,50.07045001,13.83164999,67.78103333,7.804833332,50.01651873,23755.58,1106,7993.72,18252.4,1479331.9,5179.26,116108,10.0166,14881.34
2,15,2016,34.50018335,2220.3335,2220.3335,1161.212633,117.387,55.77858333,21.07096668,18.73856666,14.1699534,172.08675,36.36434999,73.43795,15.36883334,61.80636432,58005.42,1158.6,10841.54,50647.18,1448006.98,14864.5,333432,26.4248,49999.76
2,16,2016,4.869149999,1695.901633,1695.901633,724.0881167,112.6565667,50.74663332,26.0164,18.53756667,13.2642548,67.11735,31.70416667,88.73554999,11.10233335,64.5739915,44466.46,892.92,14371,33302.72,1468098.46,12605.74,430138,0.0928,27888.48
2,17,2016,33.59316661,1414.414317,1414.414317,719.5293834,87.99476666,46.93021666,30.69196666,21.36119999,6.031804009,81.93166667,20.34158333,62.02401668,7.692950007,0.107742709,31268.52,697.04,14400,21726.44,1487225.32,10623.86,447574,0,6414.48
2,18,2016,177.5281167,1418.365767,1418.365767,683.4452167,91.70786668,93.93776667,21.48773332,18.5357,7.068872763,83.53176667,29.29981667,66.19024998,10.39403334,69.70641911,51440.28,793.76,14132.62,41486.14,1471927.98,13529.22,265910,2.0358,28155.1
2,19,2016,103.9533,1528.0333,1528.0333,851.9438333,108.4649167,21.26343334,27.39576667,20.37513334,13.74323738,96.75613333,23.27579997,87.12311668,11.19626667,0.153907859,69576.38,756.56,14397.68,65843.38,1453106.7,13138.44,342602,0,44640.68
2,20,2016,165.8830833,1395.536917,1395.536917,587.3772,60.24966668,29.03831666,33.40911666,21.63531668,13.23112207,274.9828667,22.11874999,78.6438,13.94461668,71.25159143,57429.26,877.6,14381.44,51722.96,1462437.06,9681.04,461182,0,38810.36
2,21,2016,94.59448333,1154.910833,1154.910833,458.9908333,81.25241665,14.86973334,33.25173332,19.28921667,10.53427242,144.055,30.31493333,67.8321,10.32685001,59.54465639,44259.04,716.96,14394.78,36287.14,1477771.58,8669.04,184476,0,19482.32
2,22,2016,176.89985,1585.397317,1585.397317,541.5458333,146.4489167,135.5348,25.25655,19.67605,12.67680282,101.6208833,75.00335003,101.4011,31.1675667,57.24744282,48949.3,1182.66,7893.5,39958.86,1473741.76,10455.4,70030,16.0984,41452.4
2,23,2016,65.24216666,1440.871567,1440.871567,668.8929833,102.4073667,35.74905001,27.18198333,19.17441666,13.41215202,69.84671666,18.68118334,91.88708333,39.59421669,61.3522366,71779.6,1225.16,9823.28,69167.22,1432949.8,15626.02,213818,66.2326,65354.92
2,24,2016,4.27206671,1300.98755,1300.98755,705.4883667,56.39371665,40.62073333,26.51813333,20.27765,6.150685883,56.25588333,19.18143336,63.45348333,10.41091669,0.112590469,49005.3,878.84,13506.8,35092.48,1439527.98,20998.16,401230,2.3722,30691.1
2,25,2016,62.95188328,1194.17955,1194.17955,441.0019667,82.51941668,53.94793332,38.46221664,19.67458332,11.79350521,50.51758334,13.14733336,73.00575,14.28420003,63.92678609,36800.92,702.68,14348.38,24192.1,1463619.48,13249.46,390568,0,11943.52
2,26,2016,195.1749167,1270.807117,1270.807117,831.26655,58.75033334,47.55026665,19.72813333,19.88766667,6.364820699,48.56776665,21.11266665,69.71156665,5.822816688,46.15165818,57029.38,694.52,14400,50004.42,1456427.84,12395.62,288154,0,30417.38
2,27,2016,186.7767666,1350.620267,1350.620267,776.0115667,110.56025,13.95359999,37.72185002,21.40481668,12.46467013,59.14126666,22.75341665,86.69633334,17.91568334,24.59434043,65703.36,878.9,14200.48,59562.68,1444734.26,13770.42,307484,2.2504,47074.26
2,28,2016,119.4879,1175.7803,1175.7803,504.2277,101.8256667,63.46320001,18.80809999,19.93813333,17.01061985,49.69295,28.34426668,77.85711667,17.16010002,72.91500709,51331.44,618.8,14400,43398.04,1462813.74,10840.9,346170,0,19536.82
2,29,2016,55.89118337,1631.071033,1631.071033,340.8597833,109.8095,78.67776666,34.6238,18.71515,14.29516817,50.15263333,25.43096667,77.60671666,10.4252,62.35099454,52233.46,950.24,12489.48,41959,1447315.38,16208.24,319364,20.6248,36258.72
3,1,2016,148.82405,989.3643833,989.3643833,311.5240834,143.6641167,43.75396666,20.84569999,20.4092,13.41967203,61.61263334,18.41604998,89.86735,7.381450011,68.90000801,34514.46,633.98,14371.58,20997.4,1470315.2,13330.18,436942,0,6340.88
3,2,2016,122.7244333,979.0924,979.0924,381.0504833,97.16293334,104.2534,30.29165001,19.88213334,14.82275806,50.38661666,19.99456665,68.18970001,11.2862167,0.050927876,38469.52,839.68,13352.14,29108.74,1471087.8,9990.46,48304,0.1102,20069.24
3,3,2016,192.1319833,1308.933833,1308.933833,522.7996333,70.62443334,83.22509999,41.37664999,20.04195001,15.56552078,49.87946668,24.63573333,85.56303333,23.42096667,76.32318917,40241.06,676.2,14330.78,31086,1470418.84,9084.72,303496,0,12811.14
3,4,2016,115.14235,1270.283733,1270.283733,484.5816833,101.8005333,28.80623335,61.82325,20.29555,12.39965577,54.17638335,34.80060001,66.26376666,12.82893334,73.03233901,44428.46,686.78,14389.56,41486.34,1475308.26,4383.8,312250,0,17288.62
3,5,2016,138.3965667,1185.763883,1185.763883,463.3287833,64.07688333,7.0308,20.54015001,19.77138335,5.201370228,49.35551665,25.57473333,64.72708334,38.61153334,64.4967915,55058.32,879.84,14088.78,50754.72,1468286.5,9446.78,279184,0,36588.44
3,6,2016,186.4999833,829.6012,829.6012,483.6511333,58.69508335,20.24046666,16.12056666,21.1655,1.036905744,48.78376667,14.58676666,59.63186667,5.856966685,0.085626911,66153.54,932.82,13811.66,64166.02,1468737.38,5883.42,310636,0.8932,48776.36
3,7,2016,105.5120666,1570.30385,1570.30385,447.9994,79.71018333,171.6371833,64.69289999,20.81988335,11.80595582,48.93461663,52.15265001,86.87236669,16.89413335,57.91917164,84654,752.48,13666.86,83383.08,1463293.46,10363.86,288234,0,55779.58
3,8,2016,144.9868666,887.4992,887.4992,293.34905,66.61378334,40.48794999,38.41101667,19.13308333,11.65144242,50.0887,16.37076668,71.82408334,5.859333337,58.34360883,85611.16,1061.18,12997.02,85611.16,1458553.72,6672.38,357482,8.8588,73163.1
3,9,2016,165.6541,785.8355833,785.8355833,226.95445,102.19915,107.6527666,41.34686667,19.95798333,10.56675854,52.85365001,18.75303333,73.78624999,11.29118335,0.04174523,68279.48,957.92,14209.14,66141.62,1470288,12712.88,447480,1.6914,51830.7
3,10,2016,35.20564997,860.39405,860.39405,129.6344833,176.6229667,36.02883333,47.56625,19.23496666,14.38962497,51.45114999,8.99225,94.83413334,14.14830001,57.77212853,67068.42,790.82,14368.68,64412.5,1467803.22,10647.08,323190,0,42752.42
3,11,2016,152.5166667,718.60925,718.60925,175.8602833,128.6927333,48.66925,42.15151666,20.12651665,15.52836185,49.52206667,23.84501667,70.70596668,9.566483323,0.04187997,74792.82,473.44,14400,72763.2,1466857.86,9429.12,217246,0.0646,32066.92
3,12,2016,171.2747667,830.2807167,830.2807167,312.7196333,105.2648,49.98636667,36.69435001,20.27048334,13.02225702,49.42403333,17.68260001,65.56716665,5.873283349,59.54282401,56235.7,1179.64,11044.46,47954.76,1468289.24,11951.86,91678,19.7786,48647.82
3,13,2016,129.668,908.3002667,908.3002667,212.6514001,108.4356333,74.0798667,45.84358334,19.41750001,15.26017325,69.77258334,17.42395006,90.20200002,25.97003336,0.044932,64073.28,1198.96,11858.28,57307.72,1454721,12608.02,67114,2.4462,57236.6
3,14,2016,18.47618337,1168.322117,1168.322117,383.0566834,141.12155,59.72066665,34.91218333,19.88891667,19.82187333,51.4895,24.42910001,85.12691663,25.01108334,73.30738667,72132.62,1100.58,11026.94,70531.08,1454310.86,6725.84,219424,11.0374,60715
3,15,2016,45.15008333,1248.793,1248.793,517.9257334,141.7401167,32.45619999,29.18284999,18.68205,7.992706627,49.16008332,18.96173333,63.83489997,11.23588332,74.32712069,65757.64,991.3,14079.44,61952.24,1449566.94,10444.4,353818,1.4616,50821.32
3,16,2016,154.4396167,896.30755,896.30755,418.2205833,102.68335,51.07071666,39.79918334,20.67181669,6.38810682,48.87269999,13.59416665,74.36808335,15.15654998,0.04904639,53635.88,765.24,14318.22,44826.8,1458062.8,13918.58,447212,0.8468,31234.94
3,17,2016,135.8347667,971.0026,971.0026,304.7562,123.1008333,50.02440001,37.14974998,18.69918333,14.44745501,49.70398333,22.11661666,94.67485,14.04175,74.32870721,45502.36,558.42,14400,35750.12,1469695.04,10981.18,262394,0,11761.9
3,18,2016,104.1089501,1217.930383,1217.930383,489.7307333,124.7386,53.0211,30.03808332,20.67695,14.92550259,53.16973334,33.83866669,83.01623336,6.685716689,63.48205992,48378.02,850,11323.1,42934.4,1460939.52,6344.54,220082,2.0242,27164.24
3,19,2016,200.8766,1300.985517,1300.985517,570.1645667,83.1694,36.1155,46.15956666,22.27036667,20.62359868,50.45161665,26.34848333,74.79716668,22.77935,57.67897036,52775.38,654.14,14278.78,41669.52,1458570.8,17047.22,411204,0,23710.38
3,20,2016,106.9176666,1338.5315,1338.5315,647.90575,117.25805,53.86678332,31.20763332,19.52608332,19.73990203,48.21901667,40.69964998,82.56078333,6.607933333,65.18265435,66893.58,701.28,14377.96,61132.96,1460303.4,12358.98,305898,0.0464,39150.88
3,21,2016,154.4858833,1267.9447,1267.9447,575.7338667,137.0457167,59.14438334,50.61326666,19.04401665,14.00902041,48.35413334,30.85326666,68.51598333,11.68303334,0.096826723,67123.78,762.56,14400,62348.32,1467289.36,10812.7,161798,0.0464,42947.2
3,22,2016,187.98325,1136.588833,1136.588833,578.3114667,125.5366333,52.22313332,29.79939999,18.66648332,14.15897052,47.70773333,17.92394999,86.7414333,22.64576667,56.2166766,60552.94,1176.2,9414.56,55599.48,1456304.3,8774.48,132940,5.9624,52310.62
3,23,2016,75.54053335,991.6946,991.6946,443.4318,112.8767,17.91018332,26.54729999,20.0325,6.097391124,50.42773332,17.24118337,63.22138333,6.699549976,71.07240462,60226.14,934.84,13994.34,54046.82,1468720.12,11451.78,302384,0,44199.84
3,24,2016,164.1182834,937.3917,937.3917,397.3076833,148.89645,30.86404999,37.43215,20.32473332,13.27027362,47.77391668,14.3369,65.16998333,15.89503335,77.0938726,59385.3,1016.4,14400,56116.42,1480897.32,6557.72,230252,0,45730.24
3,25,2016,63.57896662,1065.647867,1065.647867,461.5099667,154.0362167,46.23071669,30.13466668,20.37020001,7.031670179,48.01173335,17.76453334,84.92453332,12.03206667,0.263514231,60886.22,1124.98,11288.3,56518.82,1459434.14,7894.7,189870,23.5538,51265.14
3,26,2016,123.2213167,1550.13595,1550.13595,563.9734334,72.53493334,49.45061667,84.75423334,19.90995001,14.09822124,48.60479999,37.69441667,82.71601667,11.21808335,118.8414704,61709.22,863.72,14155.82,51035.48,1447112.26,23286.44,413362,1.8154,41800.48
3,27,2016,121.83535,1189.755717,1189.755717,373.2585167,76.02715,16.08030003,70.03479998,18.81988333,17.03893797,100.83825,45.24141665,73.93621664,5.763050019,122.4083714,57738.66,621.28,14400,53078.94,1473510,11738.9,365880,0,24632.06
3,28,2016,27.19058333,1244.573467,1244.573467,504.9305333,119.8282167,51.50778333,40.73478334,19.13298334,19.64455477,51.59780001,22.8339,76.13616667,18.21056668,0.077028772,77446.4,756.8,14400,73517.48,1461250.58,19966.04,274976,0,52632.54
3,29,2016,99.93150003,1220.210617,1220.210617,523.3373667,150.6071833,38.82728333,46.15054998,18.54198332,13.85222248,72.01631667,15.69341667,91.87203332,12.23703335,66.78309304,90244.26,1107.98,13686.28,90244.26,1443360.64,17234.8,280080,5.4794,79591.18
3,30,2016,129.5535334,1004.473067,1004.473067,497.1314,137.9031334,25.61483333,37.14101666,19.90421669,10.74740814,89.33284999,17.12344998,64.65896669,6.058766669,0.070162692,67410.92,1043.1,13643.78,65210.98,1439774.96,7653.8,353480,7.8478,55001.74
3,31,2016,74.02681674,1152.32935,1152.32935,349.73565,139.0689334,45.99920001,58.98365,18.67971665,14.85081983,149.9429,21.90376669,88.79463334,13.96085001,68.6274579,46400.28,914.26,10810.6,34091.24,1442058.68,18809.82,418704,8.765,28761.3
4,1,2016,44.08813335,880.84705,880.84705,250.7312167,144.2261334,34.51696666,48.29438332,19.55111666,10.0389766,47.28316668,16.1134,74.34876667,23.00095002,54.9733456,35689.62,1081.9,8576.8,25382.66,1462723.14,9663.38,167448,7.047,25555.66
4,2,2016,26.61353327,1057.808033,1057.808033,336.7573,105.0152333,14.79096667,62.26239998,22.04139999,19.12713919,66.93041666,20.14495001,89.99013335,13.87998334,0.039997702,37396.38,698.58,14358.82,23848.32,1475329.14,13943.44,286148,0,11532.18
4,3,2016,48.49054997,1512.473067,1512.473067,634.5936833,110.8504,68.50583333,53.08596668,19.68625001,7.145587378,47.16011667,28.99814999,70.30570002,17.32518333,90.48714152,46216.8,729.32,14392.46,38727,1474073.56,11345.78,296686,0,21092.9
4,4,2016,4.661899991,1880.159333,1880.159333,765.5636,140.5989167,91.00753335,21.44936666,18.22293333,12.87868652,48.33295,37.60143335,80.96694998,15.92511666,87.2699089,71076.44,1197.66,12251.26,68379.6,1442520.14,15048.82,261438,18.3652,63951.18
4,5,2016,28.48126667,1392.147733,1392.147733,604.4575833,144.4145167,96.73486668,38.85236665,18.62903334,11.85225264,47.08503335,18.99545002,74.46241668,8.383599987,60.75223794,57510.16,910.8,14111,49083.16,1442389.32,13411.9,369220,1.9754,40297.42
4,6,2016,130.3395166,1061.665433,1061.665433,577.66405,97.17183335,44.20703334,21.23165,19.50075,7.796209875,48.20646667,14.59323334,79.91143332,11.93653334,0.112875192,53287.38,709.22,14400,46572.84,1453957.94,10518.66,343580,0,26688.1
4,7,2016,27.6791166,1107.785217,1107.785217,359.4915167,157.4477667,49.12349999,35.13406666,21.6611,11.20253937,49.01086667,24.79980001,62.99073336,13.99905002,74.9899556,55572.12,572.2,14400,47099.6,1474285.2,12194.72,365830,0,21270.18
4,8,2016,55.82528337,975.6967667,975.6967667,436.34285,151.22775,36.62693333,41.70135001,21.01698332,7.434236715,47.95418332,11.59870001,60.67600001,10.39741666,0.08049473,69961.38,999.64,13968.1,66071.26,1466170.28,15911.48,266286,5.0502,55721.82
4,9,2016,139.1717,1114.141683,1114.141683,512.08175,65.50393334,16.80168337,47.21186667,21.07269999,4.783468637,201.9830167,30.07905,62.05331667,5.815166681,57.36170574,62046.7,958.86,13294.9,57530.82,1469169.1,11700.56,417456,11.3116,45927.16
4,10,2016,208.3352333,1106.173767,1106.173767,484.3799,102.9513,34.32806669,62.36565,21.74541669,7.780537188,228.2059,14.85316668,79.23853331,11.63743334,0.098077354,61489.04,742.1,14399.04,57800.58,1479998.9,7132.04,201612,0,35519.18
4,11,2016,30.65856667,1416.156567,1416.156567,333.6661833,122.86205,111.0847,37.80088335,19.85933333,12.82805622,151.2277,36.29591669,80.00635,19.39115001,64.63147256,62711.22,695.9,14334.26,60473,1481242.72,7464.56,160306,0,32138.06
4,12,2016,97.37648332,1104.566533,1104.566533,299.9209,91.29771669,43.49721665,60.69709999,20.06665,12.54638846,82.35473333,29.24736669,93.24041667,14.19816668,62.73924222,67417.26,606.74,14400,65415.66,1483866.48,7394.48,115030,0,31035.76
4,13,2016,197.0961,896.29195,896.29195,358.3618833,81.85706668,31.44243332,58.38251667,21.73593334,5.002423296,52.49655,33.94598333,63.60841666,8.066783332,41.67652813,69111.26,593.04,14400,67525.92,1484537.58,9595.68,116392,0,29468.6
4,14,2016,206.3958167,1055.589783,1055.589783,255.0537333,122.8598167,68.27513335,62.14734999,18.91405,11.55892201,167.41165,15.98001664,83.29088336,30.60736667,92.27425928,79516.08,649.8,14397.68,79291.5,1476660.8,5308.46,228092,0,44029.36
4,15,2016,206.42125,792.1718167,792.1718167,253.44385,70.96796666,61.846,35.82676665,20.69889998,5.670975425,141.35195,12.97641666,76.74953331,8.551933361,0.030600099,87533.12,594.76,14396.52,87237.9,1465496.74,8293.5,286330,0.1044,49671.76
4,16,2016,211.1959834,515.45905,515.45905,227.3662,51.57189997,2.172749981,36.75311668,18.78764998,0.942828304,46.99016667,3.774416656,70.75015,5.846650001,0.029667443,74709.06,513.66,14400,72224.34,1468152.88,15356.52,386606,0,35049.2
4,17,2016,206.9330334,738.2547167,738.2547167,221.8138666,80.82503334,9.206583335,40.60215,24.93265,9.086694385,58.2846,28.13269996,94.96206665,50.91583335,54.14458124,70733.18,653.3,14357.08,68631.84,1471676.66,7507.34,282242,0,34814.12
4,18,2016,192.1557333,866.7854333,866.7854333,157.2257833,111.7539,90.14396668,48.20854999,27.33821665,8.73995945,65.20638332,33.51874998,84.53026664,17.12531668,50.88599392,91424.4,670.54,14363.62,91424.4,1459517.7,8548.66,287140,0.3044,57730.76
4,19,2016,185.0886167,954.8570166,954.8570166,144.5803167,111.0621166,54.12251664,67.78669999,19.92226664,10.3086714,70.06428331,22.69028332,107.7033667,9.456199997,57.48127586,89307.92,1075.02,11570.02,89307.92,1453700.94,7842.76,319244,10.6576,76500.58
4,20,2016,213.8553166,619.5769833,619.5769833,135.2446833,132.5341,30.05178332,46.39284999,20.10900001,11.69430861,50.40548333,17.6724833,90.90669999,11.16998334,60.70719551,71057.08,511.4,14400,68138.52,1461938.6,12563.88,339100,0,31170.1
4,21,2016,203.51735,625.0171334,625.0171334,155.0109667,125.6909667,38.44888333,41.56071666,20.14165,14.25873899,52.33661666,14.82721664,77.56091668,32.95488334,64.5119635,73766.72,522.48,14397.68,73548.06,1463728,6267.04,330648,0,33418.96
4,22,2016,82.35653329,745.1042167,745.1042167,135.4804667,101.2719333,37.08826668,43.6106,19.75216668,11.44054081,162.8779667,13.3828,75.51603335,5.867266661,0.0105345,69436.06,880.12,12952.24,66113.96,1454780.04,7805.86,158960,12.8354,49089.84
4,23,2016,162.28735,766.1453833,766.1453833,171.1345,60.60313333,53.43950002,167.5595833,18.45595,11.37823596,48.97640002,8.762366645,114.4027833,7.649483344,59.61047398,62765.1,993.86,12936.74,60865.46,1456973.06,6785.18,317728,0,45481.38
4,24,2016,210.8344667,742.9045167,742.9045167,153.8224167,67.25101666,65.89110001,173.9307,25.93109999,13.74402291,51.28338333,38.90876666,89.36380002,12.09883332,0.016344032,69629.98,538.54,14377.38,68041.36,1461004.06,6818.92,362608,0,31290
4,25,2016,100.4230666,1083.493333,1083.493333,157.1952833,121.04155,80.92591668,24.33028332,22.68658335,8.752625628,80.27281668,21.22686667,121.539,53.34298335,74.7802675,72010.32,733.94,14400,70515.66,1466940.84,7660.42,205950,0.0638,46216.22
4,26,2016,19.05874997,1084.6343,1084.6343,272.2910167,150.8612667,47.96266666,35.10245,18.91869999,14.80684172,49.08095,16.21976673,98.84476664,12.89481669,69.30515706,76194.66,769.3,14376.22,74304.44,1470576.12,7977.22,269502,1.2064,51112.22
4,27,2016,222.14295,759.4002834,759.4002834,314.6404,72.28953335,39.02751666,39.25741666,19.64888334,8.777039764,59.86761669,18.50663333,68.60355002,5.898950014,70.70924793,67310.72,960.36,13719.16,64374.4,1472515.72,7904.14,237596,4.29,51894.32
4,28,2016,197.6235667,884.60755,884.60755,214.8728167,115.6563,77.07548333,33.39541666,24.9208,13.66705634,60.31715002,38.47918335,83.06950002,24.52191665,65.19306086,65378.32,1291.82,9945.6,63650.44,1462782.86,4914.34,170876,18.0866,61291.78
4,29,2016,143.2985666,937.1587833,937.1587833,254.0852,74.10378334,108.2728167,36.67113335,19.82441666,13.45869252,166.3922333,18.34241665,77.03966665,14.12485002,66.25937345,70573.94,1277.64,11546.14,70168.36,1457299.24,4672.06,197224,9.5934,65923.58
4,30,2016,91.12921662,985.7724667,985.7724667,216.6020833,87.48178334,35.09341667,26.86225001,21.6525,12.73412499,177.4130167,17.68833333,68.35086666,11.52654999,62.24074591,68452.44,1210.66,13231.24,65017.46,1454219.12,8155.88,81972,5.214,61817.6
5,1,2016,37.14315006,1276.683717,1276.683717,318.5574167,92.52121668,16.62663333,33.46111665,20.76700001,14.53850779,162.95885,36.3921,87.57538334,19.27498333,69.388398,69414.98,1119.06,13660.34,65248.76,1449927.96,14655.48,45682,0.7558,59755.68
5,2,2016,30.2953833,1190.039417,1190.039417,329.63755,130.1863333,98.20881667,26.50619999,19.40356668,13.92230706,47.38653333,20.89411668,79.39536667,60.08955001,59.99610794,75984.1,1127.18,13138.14,74405.7,1452220.8,9608.62,85072,10.699,66157.74
5,3,2016,34.60513329,922.0219833,922.0219833,258.7373,120.62975,43.46589999,35.06398332,18.80943333,14.55478828,54.76531666,18.34838337,88.97671665,14.11659999,54.27542298,73754.18,1262.3,12109.5,72367.34,1452255.94,6758.72,98626,1.943,68583.18
5,4,2016,19.38486671,953.8573333,953.8573333,347.1294667,110.1467,32.06998333,28.57468333,19.29164999,13.97510772,49.90609999,15.44595002,66.41048331,12.44048335,73.38602269,75156.16,930.78,13109.76,73925.42,1447846.38,15261.92,344774,2.9116,55995.56
5,5,2016,42.03813334,973.2470167,973.2470167,346.8099833,88.2384,60.12265,37.40895,19.51053332,18.87349321,48.73500002,22.36443338,85.91076667,16.44141667,62.26180933,74709.08,659.42,14400,72766.04,1462951.18,13843.56,418862,0,42592.1
5,6,2016,80.18425007,1113.65405,1113.65405,285.9743333,139.1763667,74.80558334,33.28705,19.70383332,12.24780582,188.5066833,9.618766678,79.56223333,10.5072,68.99491058,76105.82,686.4,14397.1,75434.78,1470605.76,7519.84,405928,0,43532.6
5,7,2016,33.34439994,1197.0026,1197.0026,270.8338167,161.3623167,38.82341666,52.03663334,19.87643332,19.09162705,177.6277667,25.47806669,91.5273,7.849783347,78.40702661,84874.66,667,14383.18,84628.16,1469253.12,4396.62,282398,0,49298.02
5,8,2016,130.1822334,1291.045083,1291.045083,226.7095667,128.0993333,31.40911667,43.36153332,21.49876668,16.42729373,285.1836,17.98238336,74.51468334,38.0701667,72.3767968,91558.52,641.42,14390.72,91472.1,1465072.6,7300.28,216496,0,54432.7
5,9,2016,208.7373834,1016.606133,1016.606133,199.1310333,159.90835,78.21063334,43.16681668,22.63536668,14.26232438,206.7696,26.31606668,94.19808333,13.07868336,59.0718293,85740.12,1190.12,10471.66,85740.12,1452949.44,7151.18,309814,10.2428,77604.74
5,10,2016,196.6982167,981.8095,981.8095,183.0722667,102.0261333,70.95981667,37.01521664,21.99559998,18.05857665,118.8169667,21.07683334,102.04585,12.32453335,70.63702817,85693.62,912.78,13951.66,83992.42,1445009.28,12727.62,338262,5.0402,66206.1
5,11,2016,202.8644333,500.1045167,500.1045167,139.8344833,95.3144,27.43685002,44.90681665,22.392,8.775408775,45.45411667,10.30203332,71.11728335,5.9201,0.011415469,66105.82,698.38,14400,59543.76,1452627.38,19573.24,400570,0,39285.1
5,12,2016,193.498,729.6512334,729.6512334,132.8002667,119.32045,41.81694999,52.58135001,22.66588332,13.87237402,161.6185167,16.75733333,76.85714999,9.625800004,55.81574658,71820.46,707.2,14393.62,69213.36,1464224.26,16473.96,382002,0,42823.28
5,13,2016,51.61791664,1177.007483,1177.007483,165.8754333,70.44938332,107.7723,50.77138333,19.89308333,13.14125682,237.0084,24.05316666,121.5105,14.68230002,66.68997635,81478.72,748.14,14362.88,80735.16,1468198.1,10127,291826,0,54546.88
5,14,2016,147.3249333,492.4943333,492.4943333,125.7828667,57.54166664,2.310566672,51.39964999,18.78025,0.93790827,46.37001666,3.802733314,85.72881668,5.883716673,0.392466709,84296.3,756.86,14373.9,84296.3,1467267.7,6120.82,251300,0,57207.54
5,15,2016,136.4585166,829.5018667,829.5018667,190.36695,65.12754999,6.573316339,34.10363333,20.22708333,5.704674346,236.47315,16.75645028,73.56898333,10.42228335,0.077561748,79936.84,1005.1,11637.46,79936.84,1469589.04,4081.08,300378,2.7724,63979.3
5,16,2016,98.31386675,1546.101467,1546.101467,368.5092376,117.1396124,145.2211333,32.64685426,18.14440001,16.29888616,86.78652906,49.22901665,83.64189999,15.09025002,56.97975398,86632.74,833.64,14034.02,86606.06,1471010.62,5660.62,297614,0,61959.36
5,17,2016,137.5133166,889.10745,889.10745,201.1012,143.1321167,45.63748334,33.82133335,19.51763334,18.80647495,65.90063335,17.90691668,86.54344999,15.89685001,56.09305794,86179.02,852.02,14390.72,86179.02,1458320.72,6933.16,279296,0.1856,64131.16
5,18,2016,179.8316834,944.1070667,944.1070667,158.8091667,72.96978333,54.46198334,40.09155,19.63896667,11.11468998,267.3476333,12.71879997,78.94528334,16.86168334,72.00937538,88535.78,950.68,12979,88535.78,1456976.1,6203.52,98048,0.5858,69348.7
5,19,2016,106.3509,718.2564333,718.2564333,132.1759333,119.92645,48.54305001,44.23993332,22.84213333,12.71085926,54.64456667,18.99034997,74.81491664,21.96353335,8.006514868,93029.36,933.44,13849.58,93029.36,1457041.62,7987.9,129502,10.6604,72319.46
5,20,2016,175.60015,838.0094167,838.0094167,171.0812833,116.0346667,36.58805002,45.66641667,19.51218332,10.92693913,82.13200001,20.91018332,78.01744998,11.22388336,128.7474748,91387.7,1059.06,10717,90881.18,1461622.04,6525,281604,0.1624,75209.86
5,21,2016,84.89784997,548.4966167,548.4966167,126.2557167,51.35411667,2.353983335,49.17766667,18.71823333,0.938742325,44.43983332,1.378016644,100.8561667,5.808733341,0.391216725,104376.22,824.64,13794.48,103696.3,1464954.66,7148.46,352524,0,78258.34
5,22,2016,109.21585,463.6974667,463.6974667,127.4462833,51.40733331,2.400783314,41.87159999,19.22194999,0.960963845,44.83091666,3.663299951,66.80488333,5.808100007,0.374384162,107398.28,848.42,14147.38,107674.98,1464691.3,8016.56,259046,0.174,84229.3
5,23,2016,161.5116667,751.03635,751.03635,134.5798833,92.61735,100.1307,56.05231668,22.10703333,12.70492444,45.29943335,21.75768331,78.84871667,9.625016656,0.0094146,109422.72,986.28,13349.36,110430.48,1465331,7548.04,285986,2.3722,91834.46
5,24,2016,58.32755,787.80555,787.80555,128.1761667,80.93291667,3.522833309,59.31180001,18.92193334,7.519254729,44.67458335,6.794016635,76.07898329,5.871200007,66.36941319,107410.3,1027.54,13247.3,108188.66,1467698.02,6231.12,170152,0.3074,92608.08
5,25,2016,170.3893666,441.83715,441.83715,126.7871,40.48776666,1.373299938,48.91003335,18.70269999,0.966041422,43.4502,3.732816601,92.31311667,5.80040002,0.0069468,99406.36,1167.8,11873.96,99406.36,1462286.78,6328.46,188428,16.0746,90297.56
5,26,2016,141.84485,458.3452833,458.3452833,126.1097167,40.44789999,1.284716647,71.58486666,18.95106665,0.977326021,66.05420001,1.291149986,87.68493332,5.750066668,0.0071635,105595.78,911.52,13265.32,105110.9,1458825.3,10002.96,370104,2.4274,82899.7
5,27,2016,114.09,496.4236167,496.4236167,125.4276667,40.47995,1.354649938,77.83455,18.56696666,0.982891029,79.00596667,1.36114995,84.26918333,5.756400001,0.0065631,98893.74,852.36,14345.48,98818.92,1466293.4,7915.7,205930,0,75726.98
5,28,2016,160.3089333,482.4205,482.4205,127.4715333,40.49008331,1.381383267,85.79026668,18.6687833,0.991272758,84.54496667,1.391149945,88.07063332,5.82051667,0.0065629,97073.18,938.5,14042.14,97073.18,1469363.86,9069.48,153622,0,78577
5,29,2016,120.3142001,523.3061833,523.3061833,127.50415,40.46138334,1.394083291,95.16755001,18.71399999,1.020939778,79.15889998,1.404483302,92.29443332,5.840983346,0.0072808,93336.3,1153.98,13732.6,93336.3,1464866.44,8134.98,264630,1.1542,84266.38
5,30,2016,122.54065,519.8542,519.8542,127.4645333,40.62660001,1.410049947,88.9285,18.65059999,1.020170557,86.10483334,1.424199976,90.86878335,5.857033348,0.0073638,102389.52,1004.02,11814.56,102343.7,1461194.68,4325.76,308638,0,85307.8
5,31,2016,185.2842667,497.3121334,497.3121334,127.7251667,40.43408332,1.384866631,86.72959997,19.20361667,1.003541203,79.78433332,1.398183293,109.7075,13.21503334,0.0072473,93406.54,1288.36,10548.84,93406.54,1451573.08,9115.38,240012,32.9092,88751.3
6,1,2016,175.2705,731.3765833,731.3765833,134.6614333,101.0875833,56.30741666,75.25164999,20.89410003,7.540538308,80.05993333,28.87856664,126.6316833,23.81886668,0.009397,100895.52,970.98,13811.34,100824.18,1443797.64,9157.9,316666,0,82302.08
6,2,2016,168.1316833,733.42945,733.42945,132.8081,109.7095833,43.91293332,78.08533333,21.23233334,10.26308997,44.29958333,20.53911663,108.7243833,10.37786665,56.80659233,97040.3,990.56,13879.86,97040.3,1438397.42,8267.26,372754,7.83,80651.58
6,3,2016,80.86700003,798.0612667,798.0612667,170.65175,116.4763833,44.33310001,65.37040001,20.37456668,9.476974973,43.64975,17.52891663,84.37039999,7.583850013,60.83557832,85272.06,871.98,14331.56,85272.06,1442735.2,17032.2,419176,1.2528,65421.92
6,4,2016,140.2594833,986.1824833,986.1824833,130.2629667,76.20039998,10.00818333,100.5786667,30.79886667,12.95403962,265.4132166,24.98311666,138.3031333,5.858400007,73.02516313,83259.7,731.38,14400,83259.7,1451273.92,19568.96,418008,0,56354.46
6,5,2016,23.3136667,1498.84705,1498.84705,131.8965333,47.98576666,54.86895,62.11539998,24.40658333,11.74048906,420.2833833,78.75791665,96.17293335,19.20184998,0.008165,86450.46,768.66,14361.18,86177.86,1461075.12,10365.26,398046,0,59747.62
6,6,2016,170.6159334,984.7198667,984.7198667,135.0401167,115.6669167,105.44565,72.94058333,20.70738334,15.74150544,49.00511666,35.23336665,88.44689999,34.46101664,77.28251209,85328.24,1201.42,10600.32,85328.24,1452662.86,4856.08,272130,16.9418,77715.66
6,7,2016,140.8366666,835.02585,835.02585,130.5691,87.87563334,28.42241665,68.48773333,20.81893333,8.065391333,118.21415,32.02076662,123.9378833,12.37596666,68.23264394,87542.38,855.92,14257.96,87542.38,1447080.84,19770.82,438546,0.0928,66428.12
6,8,2016,104.8534166,903.9603,903.9603,134.2847667,100.6862833,38.87606666,56.77083334,20.71071667,7.745741827,233.0851667,18.53403333,85.94371667,10.32848333,66.11839258,85711.56,918.18,14382.02,85711.56,1452477.86,15203.72,446056,0.3596,67454.96
6,9,2016,168.82755,788.0145167,788.0145167,131.2611833,109.5373667,82.82520001,48.2941,20.84163333,14.58478995,101.8139833,12.22358334,78.37536668,14.87313336,70.46754129,92319.42,839.48,14380.12,92319.42,1458050.36,11683.72,427376,0,68296.08
6,10,2016,192.61165,724.7510167,724.7510167,161.3865166,118.97425,47.53301667,49.77439999,19.99581665,12.95265848,46.46131666,42.88393337,106.0034,16.31580001,69.29936139,100547.76,829.28,14375.8,100174.24,1455408.44,7046.66,281338,0.1054,74694.96
6,11,2016,50.42183333,509.2927167,509.2927167,124.8800833,57.48118333,2.172349987,45.70476666,18.65424999,0.975279413,46.43493333,1.370683303,86.49285001,5.782600011,0.400283294,101812.62,787.6,14365.78,101539.44,1452864.78,5371.28,175914,0.0048,75524
6,12,2016,115.4167999,427.6336834,427.6336834,125.5645333,57.52051665,2.186516676,39.21981667,19.10121667,1.010246949,46.75504999,1.410766643,66.28053331,5.801700012,0.401416598,96093.56,790.98,14375.4,96093.56,1466052.14,5721.28,252802,0,69239.46
6,13,2016,161.6221334,721.5869167,721.5869167,134.08505,96.24939999,55.57460001,48.25003334,25.46223334,9.319674747,57.70139999,24.29223331,100.2486833,9.796266683,0.190308057,100852.36,747.26,14390.38,100063.56,1475728.9,6720.42,236490,0,70818.04
6,14,2016,192.5932,717.2847,717.2847,133.17605,110.4621667,43.1202,48.94701666,19.68399998,16.46314462,66.58163333,27.44611664,83.28873332,6.70693333,61.80549543,101978.18,910.54,14117.54,101895.5,1473316.64,10171.22,263820,0,81211.36
6,15,2016,180.8572167,703.1713167,703.1713167,131.1924333,146.8648167,36.17875001,65.0205,20.14986668,10.47794046,46.42525,39.04318329,83.14415,19.38266667,0.0115145,107140.88,880.82,14182.5,107279.36,1455539.46,12085.78,312306,4.2456,84813.32
6,16,2016,161.1049834,695.7528333,695.7528333,128.48225,139.4329,37.91693333,76.01895001,19.79108333,4.15770625,46.16829998,43.70599997,108.47115,10.28048335,67.92732773,95430.74,806.08,14358.82,95110.46,1452717.54,8804.7,400626,0.5104,68949.2
6,17,2016,166.78025,820.483,820.483,127.3973333,162.9374667,23.67108334,79.32243333,18.56016669,13.91775809,238.5846167,17.60491665,99.73961666,5.827250026,0.0123495,93973.8,803.9,14317.64,93973.8,1456994.44,6871.1,321482,0,67738.46
6,18,2016,177.8209666,838.23855,838.23855,130.3426167,114.21695,44.01723333,66.84316667,19.45848333,4.215177523,218.7203167,40.07481666,95.31074999,9.581483331,68.46166483,98672.46,818.76,14279.36,98476.22,1460610.24,5862.5,168010,0,72391.66
6,19,2016,173.0313501,808.4705667,808.4705667,125.0732,113.0141333,82.89569998,61.36908331,20.18506667,8.452140491,154.3669167,27.77146666,110.4606833,11.99571668,0.0128046,99972.12,815.6,14270.08,99376.72,1469850.04,5016.58,294722,0,73398.66
6,20,2016,162.5873833,671.2050333,671.2050333,128.2830167,136.4333833,5.727516658,57.45586666,19.09741667,6.12262395,89.26906667,6.509999992,90.31860001,5.825116691,71.37696192,103764.84,797.24,14339.1,103237.42,1471634.9,7886.2,284642,0,77174.88
6,21,2016,195.4301666,791.4082667,791.4082667,132.7929667,151.635,36.68193334,80.34080002,25.46903333,13.32770823,79.46555001,60.21889998,89.26168333,23.44366667,0.019100433,104700.74,834.48,14395.36,104550.08,1465722.32,12814.24,261556,0.0638,80621.34
6,22,2016,160.3356833,582.8463833,582.8463833,132.1533,90.42179997,35.4065,52.76418335,19.54205001,12.02001112,43.5944,15.09639999,81.24323335,6.015616688,0.0123045,103031.74,1131.32,13185.38,103031.74,1460748.04,12219.34,263988,6.6468,92658.8
6,23,2016,155.9289,811.44435,811.44435,135.3095167,208.91315,46.56600001,57.43900002,19.36485001,7.814438193,43.81233332,24.28393331,116.7300833,14.96161668,75.81602704,105374.42,1039.28,13530.68,105341.36,1456205.24,7705.74,338784,7.6966,89841.76
6,24,2016,178.19605,790.6658333,790.6658333,136.6212666,120.50795,32.95761667,70.63664999,19.34551667,11.13017419,183.9453167,26.11351664,98.43320001,7.156516683,58.20329886,104266.24,819.58,14299.08,103743.08,1460626.28,7628.14,446536,0,78254.78
6,25,2016,174.1084,648.0659667,648.0659667,133.1072,89.9014,25.48328333,77.16090001,23.88544999,12.54359503,88.00555001,32.15098331,98.95021665,10.1911,0.202809601,100912.64,1037.12,13969.06,101043.72,1460841.72,10039.94,279776,13.0614,86457.56
6,26,2016,169.9462166,505.6737333,505.6737333,130.7692167,57.55598334,2.174349988,90.26455001,18.60628335,0.995179135,43.90630001,18.61526664,106.8539667,5.802683342,0.0099016,98174.4,874.5,14127.98,98174.4,1458024.88,13664.16,408078,2.4594,75537.98
6,27,2016,132.6850834,971.8433333,971.8433333,138.7143833,121.5094,34.94966667,69.72923333,21.89799999,8.027790708,45.04725002,53.50143333,137.345,10.30933335,0.0118658,97368.52,811.56,14320.12,97318.64,1464557.06,9371.88,367778,0,71579.8
6,28,2016,76.01208335,868.3093333,868.3093333,132.7585667,132.38995,23.14993335,78.32636665,18.81695001,15.64377193,56.38778334,15.56201667,110.60235,8.494933323,55.98154172,102835,810.9,14207.44,102079.26,1462849.68,8987.62,324714,0.0506,75680.06
6,29,2016,176.7729667,688.4232,688.4232,132.0151,94.81023331,62.30508333,87.34221667,19.35295,9.497645486,43.58813334,12.91944998,109.0724833,19.07858334,69.15655839,107087.32,1035.54,12567.34,107581.48,1452297.54,6075.76,325052,9.7862,91963.28
6,30,2016,168.9384666,617.1251666,617.1251666,132.0730167,107.5167333,38.27751667,74.20391668,19.90749999,6.538958434,48.33656666,13.48966665,114.7215167,8.715033342,0.0104003,111738.84,916.9,14075.78,112213.28,1454305.94,7759.8,339422,0,90316.4
7,1,2016,111.5654667,799.5182334,799.5182334,157.9039667,170.5297167,34.95233333,68.94858334,19.589,9.644888681,43.44345001,16.78913335,102.69475,7.522533313,58.58434461,108427.18,1151.26,12203.94,109598.2,1451372.78,4852.64,231978,7.0006,98338.34
7,2,2016,172.5821832,630.7341333,630.7341333,132.21835,94.46540002,14.71635001,68.71711667,21.50983334,11.55016044,73.46811666,13.45071665,92.79798334,6.6644,66.02847937,102776.7,1102.96,13092.24,102776.7,1454681.46,8541.38,99458,2.5726,91213.1
7,3,2016,178.3375501,856.847,856.847,155.6016,89.45888333,58.81811666,72.12888332,21.67461665,16.24174265,44.36921666,39.62198332,136.1182667,7.260200013,47.3584652,90353.66,1238.34,11865.66,90353.66,1455919.38,6245,149962,9.4798,84171.18
7,4,2016,180.88485,1088.859917,1088.859917,159.1544834,66.65184998,22.97,70.54978333,23.38081666,9.125640101,249.6742333,61.86558333,147.3720833,18.26545001,65.03752746,94621.59,1224.4,12503.47,94621.59,1457610.99,4474.4,348158,5.6205,87768.81
7,5,2016,132.9876667,668.9327834,668.9327834,131.0098166,122.6008167,35.81221667,79.38660001,20.57714999,8.98709292,45.12843333,43.94366664,90.00508335,5.783800007,0.0111175,94700.91,1041.58,12755.86,94700.91,1466842.06,5718.22,353521,0,80031.33
7,6,2016,164.8311166,1241.6253,1241.6253,173.6106667,134.4271333,33.42898334,85.37101666,20.88056667,10.00439101,148.5385167,52.19888332,114.9018667,9.367883328,54.75204038,105405.81,933.53,14124.58,105326.58,1465951.28,8801.35,287484,0,85659.3
7,7,2016,85.66458337,2006.4221,2006.4221,268.606,95.15798334,26.32845,88.27171667,20.17439999,9.517360996,110.9414,15.63486666,122.2954167,6.574299986,61.16707218,112133.41,953.66,13896.8,113097.85,1461907.52,13166.23,273152,1.5618,93421.75
7,8,2016,94.97136666,1730.87335,1730.87335,259.573,88.92469999,41.67935,90.63046665,19.7479,15.71679,88.2364,20.82586666,106.4564,11.82105,49.77532537,109891.32,1198.77,10549.54,111698.52,1454095.24,9722.56,293398,13.0758,101466.52
7,9,2016,27.73340005,764.2282833,764.2282833,127.8693167,57.85556668,11.27373331,75.96686667,19.26391667,13.32342563,44.28873333,12.50534999,131.5253667,7.862516675,0.0071465,111017.44,970.97,12999.51,112012.2,1458159.89,6823.17,314898,2.166,92477.03
7,10,2016,83.68033333,851.3624833,851.3624833,131.3675667,144.2271667,20.67686666,62.26114998,18.79185,21.14495669,43.97601667,21.86888332,107.1881333,12.28461668,0.0095512,110010.74,953.76,14258.64,110387.59,1465716.64,5375.31,293327,0.6669,91278.96
7,11,2016,145.6394833,808.29305,808.29305,146.1950667,134.1100667,28.69278335,72.30866667,20.61328333,13.49399403,44.04328334,29.52479998,111.9716667,15.34191666,0.018313466,110840.66,954.19,13845.56,111865.3,1465498.54,7912.96,331672,0.8505,91585.55
7,12,2016,161.5846666,748.1586667,748.1586667,134.1110167,115.68435,25.00628333,74.39803334,19.79033333,11.23937354,43.43386666,16.68944999,139.3239167,22.62350001,55.90767837,107152.96,920.29,14324.02,107487.85,1462711,11965.29,384682,5.0433,87205.69
7,13,2016,146.1654834,1883.129133,1883.129133,273.0909,143.10875,46.67175,91.88799999,19.94523333,14.31058926,44.06468334,15.95298333,90.41075,23.86841666,63.04104334,96511.19,839.29,14124.12,96427.4,1471005.24,7725.23,412102,0,71447.97
7,14,2016,67.2660167,1927.48475,1927.48475,269.6883167,186.0901167,58.01716666,95.54036664,18.85186666,10.28425492,44.17488334,10.92178333,123.83885,27.83796669,0.070043174,102338.01,857.54,14255.79,101706.04,1469273.88,7281.91,372581,0,77522.7
7,15,2016,140.1493334,2866.928117,2866.928117,406.9201333,214.2388333,36.39815,93.37615002,19.77296666,8.706188657,44.34246667,16.2289,104.7552167,15.44693334,60.88403729,114379.86,857.5,14348.13,115921.57,1458603.69,11690.01,311116,0.3705,90754.06
7,16,2016,147.9675,2548.248967,2548.248967,348.96405,98.34221668,14.10418334,81.17031667,41.66233332,11.59857116,92.18553334,33.47236667,105.7776833,10.65555002,75.4389251,115577.51,857.33,14117.73,115634.49,1453435.36,11871.11,392625,0.741,90716.74
7,17,2016,151.8896167,3227.841733,3227.841733,424.0244667,166.2296333,32.67071668,77.77073333,23.40849999,10.47280725,103.11705,17.36435,133.0041833,23.06425,58.83689427,107345.02,880.26,13726.95,106832.02,1460835.22,7643.35,397292,0,84128.15
7,18,2016,118.31445,2176.98965,2176.98965,303.3392,193.04465,52.71798333,90.28038333,26.49575001,10.91691555,52.38965,31.55051664,90.88970003,23.57056667,52.95177448,110015.03,977.62,14320.2,111930.8,1457790.48,7453.66,301839,2.3712,92636.6
7,19,2016,127.8143167,1144.982017,1144.982017,165.6319833,215.2140333,31.80955,82.82559999,18.60840001,8.817442924,44.65828332,17.78311664,96.90083333,19.66873336,49.25592589,112068.49,902.79,14353.26,112066.78,1455490.73,11626.32,389292,0,90156.3
7,20,2016,168.8267667,709.7255667,709.7255667,138.0675,184.8794833,37.94781667,71.32510001,19.44900001,7.804623747,45.54621666,19.3224,120.4109,9.350866662,0.0128599,110089.38,862.75,14220.45,109515.39,1458547.14,5291.8,358217,0,85304.08
7,21,2016,175.09605,860.97085,860.97085,151.48175,96.27331664,62.29731667,86.45603332,21.62150001,72.73794172,50.40543334,23.22048331,101.34715,49.53626668,64.13740673,112261.82,911.49,14160.85,112721.81,1457041.88,5037.83,332816,1.2148,90699.61
7,22,2016,146.0853667,769.9772833,769.9772833,131.7212,103.1861333,27.33846677,89.91098333,19.06993334,11.46158959,59.6844,24.07959993,145.54485,5.763666668,60.90572263,106970.59,1122.97,12471.8,107645.47,1457175.14,5483.1,183634,8.0876,95492.25
7,23,2016,170.0170834,513.9067167,513.9067167,127.5546667,57.93811667,2.414316671,109.8690333,18.36185001,1.03819667,43.59625001,1.444550019,115.4806333,5.824900012,0.391733394,105418.34,1059.67,13041.07,105555.14,1464343.66,5172.65,138194,27.0167,90949.33
7,24,2016,168.3807166,490.6525667,490.6525667,127.1360166,57.60573334,2.370816666,109.8744833,18.35699999,1.044963921,43.58658333,1.419700017,95.30636665,5.779333321,0.390450067,99510.84,1243.55,12075.25,99510.84,1466757.55,7407.99,58523,24.4999,93252.61
7,25,2016,111.5026,4113.8212,4113.8212,549.46175,73.45688334,39.13075,96.02413334,19.87140002,8.303958424,58.33633333,37.79225004,123.3502833,58.10173335,58.41443492,99497.05,1177.11,12945.84,99497.05,1467167.81,5059.35,73854,36.8444,90901.87
7,26,2016,167.9923667,3424.392283,3424.392283,468.7592833,174.3633167,62.25971667,102.38795,19.60479998,10.04657435,43.57071668,21.64426667,146.1275333,18.23345002,61.25670584,93920.31,1173.38,12158.26,93920.31,1470484.87,4109.7,56581,2.2633,84777.71
7,27,2016,152.66235,2584.610333,2584.610333,355.9471167,140.8501833,25.40771667,106.0548666,20.85700002,10.84822317,47.08743333,36.41441668,91.40408333,6.569050003,0.066494413,98923.7,965.19,13701.18,98906.03,1470744.61,5685.59,289820,0,80361.63
7,28,2016,114.8566167,2789.901917,2789.901917,379.9963167,119.43955,57.3544,114.93585,18.95221667,9.856856288,43.06065001,24.22370007,133.4690167,23.12546667,66.25244278,103336.25,928.63,14123.55,103026.22,1466383.17,7824.36,283026,0,82460.88
7,29,2016,115.8052833,2953.117933,2953.117933,433.8715667,174.8714334,41.19613334,186.2657833,20.07891666,24.27497448,44.70320001,18.69163334,103.8316167,37.81703335,53.09514042,110163.06,964.61,14267.76,110644.48,1453678.69,11545.2,287132,1.8945,92136.71
7,30,2016,110.3317666,2916.7035,2916.7035,363.88865,194.5753333,48.05016666,190.6189833,22.64941667,11.40148649,251.0196167,26.80175,129.55295,23.76101668,55.62311077,106784.22,977.06,13472.61,107783.1,1451407.46,8175.37,411834,2.772,89010.05
7,31,2016,51.17870003,2067.885533,2067.885533,259.5283333,147.2195667,11.63849993,111.6705834,20.35749999,11.95297288,127.6844,38.38996676,116.97355,14.59823333,58.51675799,104222.57,874.36,14350.41,103894.17,1461353.18,7348.29,314196,0.0018,81291.3
8,1,2016,45.40486665,1263.351183,1263.351183,131.4414,149.1402,129.9684,72.94173333,19.11586667,67.3938413,43.82663334,29.89569997,93.48313334,11.91558331,52.27788068,102292.12,867.07,14218.74,101448.52,1469941.46,6857.62,374435,0,77589.87
8,2,2016,100.2689834,807.7505667,807.7505667,140.73615,129.3281167,28.9175,86.37748333,18.84163334,15.20090973,46.01883332,16.49989999,123.8611833,24.03631665,55.60597826,107585.43,1058.43,13433.84,108557.51,1470534.42,9581.36,270391,19.2978,93426.43
8,3,2016,172.0282333,602.3632166,602.3632166,128.0411833,76.61995,45.65973333,89.87928333,19.38474998,10.12542479,46.79493334,9.810016666,100.8062333,29.65008334,0.0083316,114456.77,1181.5,10885.14,118842.52,1465402.44,5841.78,292731,5.7533,105139.54
8,4,2016,171.9242334,697.3227167,697.3227167,129.8662667,107.4917667,45.92610001,101.5001667,20.21121668,11.09150672,42.63661669,13.28946668,112.6308,17.88904999,54.02119224,114638.69,1147.17,13842.13,118892.79,1456977.54,7865.99,296842,11.8995,104333.33
8,5,2016,160.9024666,831.837,831.837,143.95605,132.1791667,38.01125001,178.7253,21.84955,13.48779213,82.5733,18.73799999,110.77265,30.50431666,0.015612734,115521.04,1150.92,12782.66,121197.67,1456597.5,5657.29,272626,15.9861,105059.81
8,6,2016,99.91716664,2690.4045,2690.4045,326.3083167,102.5707167,14.833,218.6991333,21.89178332,12.25860574,111.3371,22.29025001,107.65445,29.51913333,68.40697216,114654.75,1104.9,14074.3,118413.9,1458450.8,8645.69,333651,9.4327,102290.78
8,7,2016,170.3892333,1467.31785,1467.31785,214.2428834,136.42735,24.08848332,218.6556333,20.03154999,7.435656266,44.38673333,28.6175167,118.0478667,14.6443,55.67782224,108920.74,997.89,14386.9,109409.23,1469017,7796.5,389206,0,92384.64
8,8,2016,169.2079667,2985.659067,2985.659067,365.5210666,258.3549666,157.0756667,200.6892833,20.153,68.61837218,42.80851669,34.15225,133.9421,30.75223333,52.68036003,108596.01,1147.46,14069.77,110398.92,1467911.77,9404.77,179181,7.0756,98637.67
8,9,2016,167.3095834,1039.713833,1039.713833,135.5387333,299.5998333,34.20931667,209.5267,19.14188334,13.1844746,47.14078334,15.42976668,151.9512333,6.642699989,63.38665373,106798.67,1002.6,14295.58,106897.85,1461258.47,12230.89,407142,0.7049,90754.91
8,10,2016,47.93274987,1025.3894,1025.3894,135.6470333,306.6017667,64.37131666,124.5836167,19.39831667,9.286222408,43.16668334,11.53926666,97.17633334,31.00365,30.5354078,106191.35,1056.59,13854.31,106686.68,1460870.07,4764.34,335852,0.8778,91522.65
8,11,2016,111.0197667,4404.179983,4404.179983,573.4629333,102.2406333,36.46626666,97.91428333,21.82499999,14.61818775,141.5097167,21.99443335,127.8831,16.73496668,29.24738874,104705.87,1014.23,13822.65,104858.63,1460165.79,4407.38,269163,0,88220.54
8,12,2016,99.50756675,3266.8785,3266.8785,430.7511667,163.5884667,51.42445003,188.12275,19.6348,11.5127888,72.80708332,19.26743335,135.6308668,34.60478342,58.59150445,106352.01,1059.35,14086.37,106949.37,1459967.63,8209.92,253126,0.2736,92532.22
8,13,2016,135.0506667,4951.0785,4951.0785,601.0088667,56.94403333,186.4511833,209.46115,20.16716667,22.23202705,43.19388333,26.42731665,169.4672333,16.18143334,80.05383727,105757.34,1130.38,13244.61,106535.39,1454748.15,12114.24,298629,31.578,94868.21
8,14,2016,146.8115333,4477.766283,4477.766283,564.33645,57.22185001,193.4385333,216.3355333,19.65088331,14.59158711,44.78041666,43.13718334,184.5035333,9.651783339,0.117420973,89968.61,972.9,14115.57,89968.61,1468297.44,11329.24,435328,0.0684,72560.81
8,15,2016,139.2385167,3777.0516,3777.0516,509.37175,69.43973333,105.3127166,225.6462833,21.39968333,11.76728894,48.86661667,41.40913333,174.5893667,45.2896,62.58123717,95789.67,987.84,13883.58,95789.67,1475693.31,5284.21,359288,0,78074.76
8,16,2016,76.8699833,2541.7879,2541.7879,328.9100333,153.79365,54.60275,209.5319167,19.25733334,69.33013683,43.53936668,21.75680001,139.3791833,10.84110001,116.3480388,105326.79,984.42,14112.15,105332.61,1469664.51,8789.81,278000,0,87546.63
8,17,2016,124.5581834,2979.9977,2979.9977,413.8970333,171.2189833,59.44805001,201.0727333,19.62838334,13.90647212,43.60071666,12.8629167,95.52548334,5.781083351,0.100025296,109362.75,1088.43,13162.75,110677.78,1461732.45,10243.01,292320,0.7125,96762.12
8,18,2016,169.1177834,2364.0387,2364.0387,345.9082667,169.8836,43.94640001,105.9744667,19.81723334,16.7479447,43.16116665,16.59796668,110.0197167,30.90028335,75.6352064,107752.04,962.78,14007.05,108563.45,1467159.99,7392.86,357910,0,89195.66
8,19,2016,131.4736,2760.0837,2760.0837,394.7858833,203.4742334,49.96073333,101.3424333,19.37289999,10.52397344,42.95526666,13.22191668,116.6169667,8.511816677,0.140707395,106376.58,975.14,14052.87,106485.14,1473636.81,6991.36,257865,0,88028.79
8,20,2016,171.9106,1968.447933,1968.447933,280.67105,156.94215,24.20045,93.80893335,20.29934999,13.52240754,57.45494998,18.54163329,86.38391666,11.139,75.27845537,110338.26,905.39,14316.21,110322.89,1468045.13,12431.73,338591,0.3876,89023.25
8,21,2016,72.7070833,961.8795334,961.8795334,136.04385,88.23003332,40.18473335,116.6801333,21.92484999,16.13652553,62.2853,33.99128337,127.3926167,16.95796667,50.76376053,98928.42,917.28,14272.89,98804.81,1469705.14,7442.98,313005,0,78318.2
8,22,2016,188.6922667,1539.152067,1539.152067,219.1881167,148.4640667,66.96746668,105.5336333,19.96728332,14.6658224,43.45253334,29.19923334,141.0482167,30.15079999,53.50342641,99643.56,1109.45,14266.39,99641.6,1462033.42,5924.14,294660,0,88126.79
8,23,2016,181.9895334,756.6603833,756.6603833,130.3974,164.3648,38.00093333,93.11945,19.35658335,12.93682376,45.15058334,15.92823331,121.8909,9.462149996,61.54907874,102836.84,1142.85,13799.95,102836.84,1455800.07,3921.08,342531,3.762,92631.35
8,24,2016,167.2950999,727.82165,727.82165,133.48495,160.8385333,31.86275001,99.24221669,19.84311667,7.201921292,43.59456669,15.93296669,103.4234,16.14771668,58.60161155,95548.91,946.46,14283.79,95548.91,1465031.05,9497,168958,0.0627,76667.77
8,25,2016,120.7474,1606.311183,1606.311183,236.59665,172.9172,54.14149999,110.27565,18.89489999,14.04698725,64.15856667,16.23505,106.8835666,23.22235001,73.58025747,90806.62,1011.77,14288.85,90806.62,1472858.68,6117.41,63472,0,75379.05
8,26,2016,141.7391167,1065.993833,1065.993833,157.7395833,126.1456667,61.04895002,135.6253333,19.27798332,13.00478349,43.10613334,15.85106666,137.2626667,10.06005001,65.73179455,92380.49,966.15,13644.18,92380.49,1475426.01,9227.06,46935,0,73911.88
8,27,2016,157.2725667,590.9326667,590.9326667,124.5660667,58.71966667,2.240416669,137.57715,18.45013334,1.024440414,43.46235,3.85794998,133.0166167,5.733616661,0.0063627,95363.65,912.1,14353.26,95363.65,1470795.9,14704.44,27162,0,75283.55
8,28,2016,168.3676666,513.7031333,513.7031333,126.2682167,58.40245001,2.240899999,134.7440833,18.52054999,1.077827148,43.64578336,1.402649999,95.30206667,5.737366678,0.0066296,100633.07,1116,13119,100633.07,1465249.17,14544.54,48199,0.987,89938.47
8,29,2016,152.9577499,4985.831867,4985.831867,817.2876167,122.6704667,29.03356665,127.0409167,19.78576667,8.183870003,44.82013333,34.09596673,103.0801167,23.54225,61.0579535,102984.5,1174.8,13340.88,102984.5,1463273.97,8663.14,76349,0.8085,94044.67
8,30,2016,170.65785,1349.838517,1349.838517,217.1908167,161.6936,35.53101668,108.3525,19.91065,13.64952134,43.61523332,13.96396667,107.8312166,42.23393334,0.061312767,108094.26,1143.19,12212.88,109223.43,1455509.09,6578.47,256011,11.5937,97361.56
8,31,2016,59.25679998,785.8883667,785.8883667,133.2898,150.2412167,40.19683333,78.22726668,19.89106668,10.2323852,44.81394999,19.56413335,99.56608335,6.60440002,0.010197067,110455.75,1044.96,13463.22,111477.19,1459280.17,7067.58,348044,0.0856,95311.11
9,1,2016,75.23861674,975.4613167,975.4613167,129.50695,196.8439333,44.11450001,105.2365667,18.82713332,13.65470312,44.25073333,13.43374999,111.8107,5.670183337,57.70104367,110789.69,1110.94,13776.57,112111.52,1459956.92,10147.75,224386,2.3122,99386.17
9,2,2016,150.2493833,886.3636833,886.3636833,130.65455,214.31565,48.36495001,101.4295167,19.96513333,16.7457845,48.77291666,13.62585,87.73915,8.42548333,63.76587706,91178.45,970.48,13574.49,91178.45,1466843.4,10776.13,388624,7.6229,73246.38
9,3,2016,131.0893167,1090.946533,1090.946533,128.9889667,111.2196667,37.9401,117.4140167,22.1162,60.78090177,224.4505167,8.987166681,112.4256,6.415450013,55.47351125,89100.71,992.7,13701.75,89100.71,1473393.88,4580.18,322271,0,71669.49
9,4,2016,161.5816334,1042.439767,1042.439767,154.44355,87.46389998,19.01551666,113.1789667,20.20713333,20.86960617,231.63665,29.2522,141.1869833,15.54326667,59.35344577,101893.49,968.14,14130.39,101802.72,1466779.02,10763.63,285169,0,83432.38
9,5,2016,139.9843167,1071.296533,1071.296533,139.13775,63.81781666,55.2593,116.48575,19.38141667,8.661730376,143.18495,43.39801664,105.8476,19.86293334,46.27350905,93163.64,930.23,14069.97,92984.8,1470494.45,11447.44,237469,0.5016,74246.55
9,6,2016,84.48695001,779.8909167,779.8909167,128.1537833,178.9913667,23.81870002,107.7084167,19.75253333,13.84602025,45.85556668,10.24388336,107.9083167,9.446583332,0.009314,83121.31,994.64,13877.88,83121.31,1477449.47,3555.63,298997,0,65984.52
9,7,2016,85.34856668,888.4242667,888.4242667,126.6963333,116.5485167,47.27221667,115.2742333,20.62283333,9.634703558,48.81196666,18.43288338,96.6782,5.771616704,72.75117768,88617.03,994.23,13841.97,88617.03,1474861.41,8663.06,247905,0,71831.51
9,8,2016,112.8786833,980.0818667,980.0818667,129.3819,125.8539833,39.73410001,115.1291667,19.76000001,79.62305692,96.43929999,11.30631669,145.8765167,22.87500001,53.55687577,101375.84,1127.54,14122.41,101375.84,1465577.01,11974.12,275409,2.0007,90598.83
9,9,2016,136.5688334,3510.74905,3510.74905,438.4388333,131.7968167,44.80283336,114.50105,19.99216664,9.415868114,90.14539999,22.64446666,110.4732666,41.1138,57.41990881,103048.24,1292.06,11664.72,103048.24,1464375,5911.1,244452,39.9914,98357.85
9,10,2016,76.79863336,1808.62815,1808.62815,234.7574167,84.71086666,78.80818334,94.20456666,19.50554999,13.43214032,48.04698332,13.06036664,144.3454833,15.53776667,53.87822681,101518.51,1221.46,9993.9,101744.23,1467452.04,3882.75,287526,0.1765,93653.23
9,11,2016,137.2958167,1871.132633,1871.132633,202.9635,90.42574999,55.73188331,128.54695,20.64211674,10.55737251,385.3646667,16.23569991,122.5277333,9.374649945,53.03209407,97561.57,1073.99,11818.89,97561.57,1470152.14,5233.66,293703,0,83068.29
9,12,2016,163.63905,1085.015533,1085.015533,162.7008833,130.2462167,74.53781666,113.1578333,38.55995,20.05052348,66.32303335,40.06270002,115.9694333,37.24358336,0.031512702,94831.04,1014.37,13959.39,94580.24,1470637.14,5753.6,223738,0,78047.16
9,13,2016,167.1045501,926.89755,926.89755,135.0197834,120.2638667,49.83448333,100.1645,19.62968334,14.27922467,49.74040001,19.09396665,138.9227667,27.74021668,118.5105575,93008.35,1061.6,14231.29,93008.35,1463794.69,6239.96,299467,2.5341,79668.85
9,14,2016,147.3035,770.1290833,770.1290833,132.9429833,101.6871666,64.92050002,108.9564167,20.91095001,9.74476038,122.6429833,16.3189,93.80210002,6.716616699,0.0081625,80791.73,972.03,13993.32,80739.86,1468621.69,10153.55,331277,1.2165,63621.31
9,15,2016,170.3346833,818.9990667,818.9990667,136.87265,95.94016665,38.55386667,99.99050001,19.19011667,14.22655785,108.3898167,17.56178334,94.55790001,11.49615,110.4070572,72042.58,961.34,13594.28,71412.35,1471128.09,8619.02,399603,0,53622.9
9,16,2016,158.1664334,549.16405,549.16405,127.8451,58.50766667,2.274966666,99.90306667,18.76788334,1.010758426,45.05566665,3.922333344,124.6304,5.785266728,0.381450114,78618.05,980.87,13486.16,78545.47,1468649.24,7879.66,223919,1.7989,62012.11
9,17,2016,141.50745,525.0790167,525.0790167,128.74835,58.57899999,2.265466663,107.7160333,18.78013333,1.075042202,45.37690001,1.436283336,89.48065002,4.536250036,0.380633451,87413.67,1193.03,12127.62,87413.67,1460010.94,3407.29,201844,14.2979,78931.17
9,18,2016,32.72731663,718.1506833,718.1506833,130.1228,82.21888334,2.261116662,103.99035,18.51911667,4.374727903,46.42461669,16.74466664,82.84086665,7.658166659,0.32128544,81754.6,1129.56,14071.03,81754.6,1475260.16,12574.31,71088,0.0684,72020.7
9,19,2016,40.95368328,1034.557317,1034.557317,140.3986667,95.42578334,53.64275001,108.0108167,19.29935002,9.590809801,49.56496667,23.27930005,100.9643333,43.96746669,62.74487612,81361.19,971,14400,81361.19,1484671.36,12719.47,76066,0,65475.29
9,20,2016,121.1322167,914.1651,914.1651,132.0825667,124.6866667,55.05086665,82.93905001,19.43845002,13.85752523,45.52401667,20.70861668,152.5897333,9.172733327,53.86622607,76720.57,1191.5,11075.94,75188.98,1480786.93,13789.59,49175,11.7624,69085.58
9,21,2016,122.59965,684.7974833,684.7974833,143.70105,135.9775,39.39951666,88.79183333,19.44446667,10.32280599,45.47088332,13.13779995,89.46061665,18.27191663,0.009698033,76464.23,1295.01,10894.33,76464.23,1473384.64,10062.86,37405,0.5895,72324.98
9,22,2016,138.5026167,698.3436333,698.3436333,132.8413667,104.7394167,31.90668331,84.62706666,20.53666666,12.60207724,45.33378335,14.31941663,91.59228337,22.31041668,63.20155596,82376.86,1291.4,12713.36,82376.86,1464904.08,3786.27,232317,0,78009.93
9,23,2016,67.48030004,861.34345,861.34345,166.9819,92.26108333,46.98748334,75.3334,20.73991666,8.662392368,46.61228335,17.73521677,109.92725,6.115866659,61.4851265,88501.71,1156.43,13946.28,88501.71,1470681.81,6039.97,132139,2.7816,79280.63
9,24,2016,132.8484167,1622.806483,1622.806483,150.4185167,133.2683334,28.57063335,69.47146665,20.53710001,17.90016647,140.1967333,37.74345001,117.3069,24.88553332,63.98759625,76502.76,1171.54,13020.03,75660.87,1480722.37,6495.4,46012,0,67901.39
9,25,2016,149.5453666,1406.619417,1406.619417,211.2176,168.1308,161.5281333,45.48506666,27.37878334,24.88327162,160.5043333,53.62100005,86.28555001,10.31711666,54.70664903,76798.24,1107.95,11797.95,76235.65,1478106.14,4301.36,208988,0,64629
9,26,2016,133.9460166,1046.34665,1046.34665,151.5061833,135.0114167,62.2807,50.14006669,19.98770001,14.42648842,46.73631667,36.06201668,98.78690002,10.35316667,62.924947,81045.8,1091.74,11662.86,80515.7,1477496.37,4652.94,287145,0,67745.27
9,27,2016,105.6391833,977.9317333,977.9317333,135.2041333,113.3716167,106.2409834,59.03281666,20.20638334,75.40935769,48.83089999,10.63513336,103.0974667,40.74328336,57.0102949,80986.5,1174.99,11411.49,80986.5,1470830,4450.81,253893,0.0513,71925.93
9,28,2016,30.83604993,793.1850833,793.1850833,135.1123667,147.0228333,48.02529999,52.25514999,19.40375001,10.10627087,46.41415001,12.99025005,81.17039999,10.30535,0.0074966,82434.02,1251.33,12206.07,82434.02,1464189.38,8914.43,295364,13.8852,76852.6
9,29,2016,127.0268833,698.3125,698.3125,137.0582333,91.92891666,56.2096,49.74971668,20.81348333,8.234091837,47.93618332,13.48270001,88.04099999,6.963349981,65.31319484,71402.45,825.09,14400,67082.2,1470356.04,16433.25,435484,0,49218.7
9,30,2016,43.54343331,918.2383167,918.2383167,137.5052,227.8811,47.60223334,58.26875002,19.46879999,14.12893829,46.64993333,16.77828341,89.32028334,8.728299952,59.96824866,65729.62,983.1,14271.75,63875.06,1483654.71,5047.21,287066,0,49160.84
10,1,2016,23.37306673,985.6567667,985.6567667,210.2248833,80.33153332,43.1743,42.97761665,20.56409999,9.153694853,173.5585333,23.4050667,70.07646666,21.45496672,0.021596977,73320.24,1109.84,13980.35,73084.67,1479722.12,5697.44,256399,0,62116.61
10,2,2016,29.08411666,1332.390133,1332.390133,170.3824667,160.69925,39.28314999,46.2986,20.00464999,14.25536993,138.6924,44.62801669,102.3559167,32.31111667,116.1349533,80194.28,1171.22,13308.58,80042.82,1467359.15,8688.05,315947,1.3452,71567.38
10,3,2016,90.09249999,1038.410183,1038.410183,160.6676167,122.6204833,85.70413332,45.93580001,19.92033332,14.31746847,49.01066666,26.92345007,101.3593167,24.77818334,54.81969257,67517.37,934.57,14387.8,64804.93,1478016,8679.28,337316,0,49797.62
10,4,2016,37.80663331,1098.616867,1098.616867,137.2451166,217.5807666,55.45106667,54.51698333,19.49341667,12.84593255,49.16971666,25.57010002,92.00810001,31.04274999,62.7751115,63348.72,1049.19,13968.74,61530.8,1482063.89,5878.3,193204,0,49566.62
10,5,2016,133.59335,861.19285,861.19285,133.40765,241.258,35.18358333,40.93033333,19.97956666,9.457142332,47.95493333,12.63676667,89.25090002,24.45178333,71.49451066,79937.77,1131.73,13337,79303.36,1466482.57,9312.15,280432,0.0513,69691.28
10,6,2016,124.6946334,801.79005,801.79005,131.5567334,145.0993167,59.50011666,50.65048335,19.19048331,13.35091898,71.58100001,14.01618335,90.36400002,9.57094997,0.0085791,91824.42,1182.28,12493.75,91824.42,1458010.22,2890.8,297560,1.5247,83145.93
10,7,2016,121.9671,747.1659167,747.1659167,134.9874166,118.8659333,44.401,52.26946668,19.95733334,15.8665256,68.19376666,19.14513335,87.13883332,6.962166641,65.68709421,97847.2,1105.95,11911.46,97847.2,1455114.54,10505.27,227932,0.0884,86039.37
10,8,2016,51.62460001,524.9506833,524.9506833,127.8116666,58.60891666,2.330866663,43.14893334,18.88056666,1.005198781,45.84434999,1.431566712,87.30971668,4.529516688,0.0075483,88360.2,1044.22,13505.85,88212.54,1465409.76,8335.88,291734,0,73707.56
10,9,2016,13.35046668,851.17005,851.17005,133.0901167,59.83086666,15.17710001,60.84293332,18.83256667,15.44826357,51.08013334,32.60280008,92.39525,33.89146671,0.979146668,85541.62,1126.96,11988.93,85376.92,1466214.19,7073.12,117738,1.7442,74998.06
10,10,2016,128.7434,1301.889233,1301.889233,267.7602667,133.0069833,91.20483333,37.46636665,20.74066667,11.96260761,69.40798336,62.90953335,85.73855004,15.71805001,63.61507447,89052.51,1311.87,10223.36,89052.51,1439674.55,6690.25,321755,21.4319,85193.35
10,11,2016,118.5148501,781.0891167,781.0891167,180.5571333,101.6839167,51.07881667,33.89295001,19.08106667,10.31104185,45.12675001,14.30455002,77.24861664,36.43828331,53.06356244,63174.28,1110.36,13136.39,54730.87,1437223.59,17007.94,400529,22.5379,53152.27
10,12,2016,117.16245,695.3352167,695.3352167,166.5775333,106.89515,41.17068334,38.63093333,20.22606668,11.43759156,45.95713336,12.61650003,70.41481668,30.27759999,0.0118112,72932.21,823.44,14266.62,71169.77,1452011.77,15060.74,382635,0.8835,49738.01
10,13,2016,66.61769994,866.4620667,866.4620667,134.5154167,118.6870333,54.02418334,36.53369999,19.10359998,18.41918928,47.05733335,27.68713336,95.92665,48.75444999,69.38617817,63884.59,792.24,14400,57583.72,1464176.22,16308.65,409173,0,41181.45
10,14,2016,121.4515,766.34955,766.34955,190.1504334,147.8398167,33.65656666,41.31241666,19.6738,9.650309555,45.45694998,11.81528333,84.75845002,8.273433335,67.4532763,56288.52,770.96,14400,47798.8,1477188.67,13822.46,444802,0,32904.61
10,15,2016,119.9717833,1339.821933,1339.821933,237.993,119.2514667,87.17200002,35.78773334,19.76094999,14.14648814,241.4791667,37.42366669,82.37703335,51.4006,60.55427898,48116.43,1014.93,12603.99,42937.37,1484624.99,6829.16,228091,6.0442,34771.01
10,16,2016,78.94356664,1073.20355,1073.20355,161.89695,70.46331668,24.69271669,39.3495,22.75374999,13.43844083,221.8940833,30.8083167,119.8355833,29.65388333,66.08529341,56907.03,1232.74,10510.83,49288.08,1467382.19,12822.71,271067,29.9969,50825.2
10,17,2016,41.67550001,901.9098667,901.9098667,127.8538667,139.5825666,75.54913335,44.80136666,21.93973331,13.35950829,46.70626667,32.80230004,82.97761667,10.66780002,1.244814399,61857.03,1076.08,14382.9,57806.07,1466547.42,10097.99,356318,0.4104,50467.13
10,18,2016,83.45808338,1238.1113,1238.1113,128.0177833,191.9064333,45.2091,55.76525,18.81666668,85.4295197,257.1216333,12.05741674,103.4916,10.33500006,61.8747607,77278.28,1093.17,13923.03,76735.64,1456001.28,7756.4,368146,4.3853,66134.81
10,19,2016,113.3117334,865.9391166,865.9391166,126.9602833,179.1369,34.89656668,70.70959999,20.44616666,9.870976458,43.81561666,13.85355007,106.67755,17.16349998,70.16304597,64590.54,998.3,14235.72,58915.15,1467289.13,11988.43,458847,0.9613,50260.5
10,20,2016,50.0179,1013.3831,1013.3831,128.2924,154.0877667,75.47349998,54.25818334,21.33453336,13.35740725,97.90463333,21.41156672,103.0683833,32.60689996,60.35071297,55421.57,1105.92,14097.7,52331.38,1479619.11,6956.58,138464,0,44856.73
10,21,2016,22.62051666,775.90885,775.90885,126.20745,173.9155667,42.55140001,46.24981667,19.82753332,7.915861633,72.74775,10.92453337,91.55016666,6.190266648,0.0128998,77549.54,1106.03,14027.66,75868.16,1472387.22,6747.65,301480,0,66655.54
10,22,2016,19.9449167,1032.2928,1032.2928,205.3166,137.6912833,50.03288333,41.89598332,38.71431666,13.86922195,86.77158333,17.72201672,100.1332333,21.32948338,59.20249319,78729.57,1217.59,12533.17,78702,1459521.12,8063.51,347865,1.3737,71976.66
10,23,2016,127.5577167,1159.481167,1159.481167,424.3893333,115.0239,60.45428333,33.85543335,19.22345,16.84912283,50.0547,33.30165003,87.95188334,22.54635,60.30523918,68010.8,888.96,14210.22,64442.43,1467695.87,11390.78,453254,0,48697.43
10,24,2016,73.92668333,1215.85265,1215.85265,248.9091667,104.4163333,58.42571707,52.10670001,19.691,63.33337135,69.23870001,25.24996665,102.6320167,17.3044163,62.27630487,61929.97,1081.95,14097.91,59529.64,1469513.78,6595.49,338907,0.1734,50839.18
10,25,2016,120.61645,1021.690583,1021.690583,350.26505,143.1938667,56.26378333,26.88908332,20.82709999,18.8361208,55.36131667,10.21188331,86.56190002,39.63741663,67.29929024,61040.32,972.42,13836.64,54262.88,1475911.65,12531.89,305463,1.1604,45868.54
10,26,2016,111.3204667,1076.02255,1076.02255,397.1025333,167.1614167,45.29196667,27.12726667,24.75570001,10.68435591,109.86495,18.1888333,66.26556667,8.781566668,7.12885934,52126.95,998.32,14390.31,48059.95,1481932.74,6754.98,274962,0,37205.98
10,27,2016,14.31103329,1600.03255,1600.03255,466.9846833,64.55278334,58.42426666,42.79756667,22.83641666,12.16025654,291.7348667,16.34174997,85.82311667,13.00885001,131.7106398,60817.68,1005.63,14260.92,58433.47,1464096.36,5565.5,414627,0,45254.92
10,28,2016,25.74260003,730.6950833,730.6950833,337.1229,58.08468333,2.449783337,30.03651668,20.07516667,1.057527225,48.95720001,3.960550038,60.07513333,4.57831667,0.401932991,62504.24,1174.33,13466.91,58015.97,1457740.17,8316.81,443309,0.9804,54876.93
10,29,2016,57.7348,736.967,736.967,347.5755333,59.39949999,6.531416668,27.35836667,18.97929998,1.039711447,50.37351666,3.961700016,80.19359999,4.589383338,0.409849397,63801.3,827.72,14396.58,58804.88,1450295.36,9824.56,335989,0,42437.38
10,30,2016,46.90733333,582.6502,582.6502,206.8406167,58.04353333,2.379449995,28.00998334,19.28316665,1.015259642,49.55393334,10.61846666,60.9413167,4.579849995,0.401900213,58806.48,695.12,14400,50885.22,1462101.56,18361.07,459956,0.0513,32309.93
10,31,2016,112.9406834,1206.49895,1206.49895,268.7585333,179.2008333,59.84735,45.83686668,23.97818332,21.17888669,52.92906666,16.30099998,77.38888333,25.68795001,0.089641446,56639.36,761.4,14400,50116.67,1469442.12,9560.55,354970,0,33167.82
11,1,2016,111.5642334,1181.74545,1181.74545,313.1701334,168.1232667,95.15289999,31.39705,19.00316667,11.78870167,49.2101,27.75478334,88.28769997,5.185083353,61.10222249,59377.51,841.88,14346.99,56240.8,1462820.5,7446.56,349585,0,37135.46
11,2,2016,92.37991665,739.7521833,739.7521833,214.8529667,94.27933332,46.4188,35.18773334,19.77838334,6.885627007,53.21691668,20.74685003,67.79668331,5.327166657,0.030644769,65660.91,796.94,13523.98,63331.88,1462011.1,6497.23,223645,8.5201,41165.7
11,3,2016,28.6351834,1014.033383,1014.033383,132.8662667,113.6576167,57.94270001,44.65846665,19.39929999,18.20736976,90.97573333,11.82701669,98.86203333,88.21904999,63.13485837,68666.96,1288.99,10526.1,65122.71,1448985.64,9717.9,237566,20.1452,64228.76
11,4,2016,100.2172167,848.1094333,848.1094333,183.8383834,122.9163333,62.85556669,36.27669999,20.58063333,8.620943723,50.99441666,16.57304999,69.83805,7.87706672,73.1085605,63938.46,1126.39,11714.27,60575.46,1457326.51,10601.15,428640,0,53980.84
11,5,2016,32.52953349,1475.107867,1475.107867,381.2278667,97.76783333,54.39041666,32.16380001,22.29796666,14.34362297,303.7356333,33.32086666,95.85343334,6.148049997,66.26072483,65835.15,1038.98,13967.94,62408.88,1466927.41,7559.92,421555,0,52134.84
11,6,2016,49.77921667,1553.63965,1553.63965,237.1365167,67.56238335,44.2903,39.11631667,18.92509999,77.95580771,58.36034999,40.15083335,90.5824667,26.33079998,53.64906044,62951.65,1103.63,13340.82,61234.8,1461228.82,5127.24,191511,0,51625.49
11,7,2016,117.7068499,1101.629767,1101.629767,302.3532,83.6148,53.59068335,27.0778,19.70821667,14.04376208,50.81488335,25.90103333,73.50615,7.026366667,66.84634599,56983.36,1198.48,10709.36,48491.49,1435821.91,13734.01,325315,22.6119,50212.39
11,8,2016,113.01385,1025.25545,1025.25545,301.25565,75.27494999,43.08270001,44.09108332,19.25591665,20.95080723,95.1291,19.33540001,69.02833334,17.56371662,70.84539245,44542.92,951.71,11977.19,29769.47,1439074.18,20030.79,395236,0.2451,30018.49
11,9,2016,13.98698334,982.3845,982.3845,233.1983167,109.0361667,131.4155833,23.42421667,19.45140002,13.56903991,96.1045,15.12351669,87.82516668,10.02121666,0.024843235,46583.91,836.7,14273.78,32604.56,1458571.05,19579.03,428142,0,27756.7
11,10,2016,109.4584,962.7158501,962.7158501,320.7127333,67.46940001,75.4585,47.47796668,19.99508333,5.182876059,71.32243333,13.01578337,77.80338332,12.15358332,65.27767246,45653.59,897.22,14400,35256.53,1474387.7,12668.88,455489,0,28818.31
11,11,2016,113.4250833,1151.832617,1151.832617,297.8691,59.68686668,97.87753333,52.68363333,22.15294998,9.071158527,90.51943334,33.69528333,66.41135,37.52659998,0.047343201,49786.65,1129.54,13165,45904.76,1477440.24,5203.45,42434,2.964,40909.05
11,12,2016,130.6907333,1389.072867,1389.072867,418.30065,175.7971,132.0774,38.89208332,19.90855001,59.37925478,52.53173333,24.13868332,64.69014999,13.28916666,72.76137116,56655.44,1357.81,4636.06,55269.39,1473372.01,3401.48,231182,0.2451,54453.58
11,13,2016,138.1472167,1123.869633,1123.869633,354.1211833,114.7323,87.74646666,50.85316667,25.70463334,24.76833934,71.62001665,36.32753336,91.71181667,26.80554998,62.27770528,53686.8,1302.81,10332.94,49696.48,1466582.93,5939.45,444533,0.9918,49969.63
11,14,2016,131.0672167,1054.2609,1054.2609,273.7129833,137.9290833,102.2751833,45.77675,20.5713,9.745391013,51.49901666,29.82310003,87.77553337,11.07233332,0.030674269,48113.61,1163.85,14109.55,41329.79,1466162.67,8434.9,426651,0.2166,40145.4
11,15,2016,12.6725667,1213.06745,1213.06745,301.84465,143.8483167,71.69773334,35.56064999,19.27266666,14.77474028,52.28966667,19.42603334,96.77548332,22.66671667,60.74049307,48314.5,1119.85,14272.4,45442.84,1470800.11,4602.49,313658,0,38499.94
11,16,2016,30.01346665,1040.118483,1040.118483,281.9044167,85.46555002,42.57736665,89.13748334,19.81569999,12.24225828,51.18205,15.04735002,81.52730004,14.30593333,62.02433754,64951.07,1355.68,7398.05,63289.52,1460021.89,5028.47,269699,28.557,62679.24
11,17,2016,106.3095167,1008.6085,1008.6085,290.4063833,97.25906667,59.43201666,40.55131666,20.9791167,12.00014297,54.60146666,17.41441669,70.35071668,9.20198333,0.05189463,66726.98,1361.61,8449.76,64010.41,1451286.13,6413.41,170621,39.501,64575.43
11,18,2016,124.7350833,1009.984383,1009.984383,284.5189666,116.10905,77.22703335,52.18926668,21.09843333,13.07677251,89.54611665,16.10334999,71.0043,15.63791666,72.01087304,60515.38,999.48,14359.61,54269.88,1447757.64,12698.91,378853,0.0456,46865.57
11,19,2016,126.9168167,900.7544167,900.7544167,272.9180333,85.25188331,32.82228335,44.35558334,21.97509999,13.16699069,53.27593336,25.90600002,98.63328334,9.045716653,68.85024211,59257.69,857.22,14382.33,49989.44,1454474.05,15883.34,402071,0,40336.5
11,20,2016,25.50198335,1234.612333,1234.612333,374.8084167,63.69326667,29.63378334,87.57961665,19.51658333,12.804572,47.94276665,37.67150001,88.97978334,5.665816654,66.9065844,51010.75,832.92,14384.04,40376.52,1467930.83,14871.39,455046,0,31623.38
11,21,2016,42.74780003,1741.470633,1741.470633,709.5648667,193.3681667,106.2083333,31.49321666,19.74661665,17.24312215,47.39603333,48.75505001,70.91973331,35.67825,61.0681532,44061.1,1091.28,11279.96,39996.01,1468468.57,5263.05,225540,2.2287,33581.57
11,22,2016,109.3524,1378.235983,1378.235983,655.0134667,124.5340833,71.24955,24.03180002,20.65134998,84.24335552,47.2618,27.5075833,86.33806665,19.59728332,0.123854729,49701.64,1167.54,13528.33,44262.31,1465531.42,6862.68,295484,0,41771.57
11,23,2016,136.0417667,1140.160433,1140.160433,561.6151833,91.12559999,58.0813,37.17328332,20.17276666,15.39168899,53.32778334,22.07313333,63.10818333,5.319883361,66.14688941,52011.82,1218.39,10605.51,49574.91,1461440.48,4561.78,139371,4.9134,45716.62
11,24,2016,21.5434834,2218.692083,2218.692083,505.2504167,165.6893333,146.8154167,41.14553334,20.48981667,24.8753561,49.99411667,41.08126669,99.61943332,25.52851663,123.5716061,48158.94,1260.71,8563.76,44105.33,1460033.15,5717.79,347535,0,43016.36
11,25,2016,19.27628327,1637.879017,1637.879017,483.64885,161.5275333,69.19758333,36.97251667,22.17108335,17.29547442,46.23881667,52.17196666,99.32461668,28.77889999,47.51518877,44659.11,771.94,14305.96,31182.19,1461207.48,17467.3,412204,0,23058.34
11,26,2016,32.45156667,1240.982217,1240.982217,437.9584167,160.9999833,11.95730001,28.04706666,22.12081667,4.7337562,75.9989,21.6294833,62.40611668,4.502299967,70.37750837,32967.14,771.37,14393.16,20020.33,1477039.15,12053.41,428957,0,11909.39
11,27,2016,39.87813334,1350.987217,1350.987217,537.0761,96.79710001,26.65953333,25.68451666,19.11688333,7.696021453,361.36525,9.006366665,64.7684,4.558333344,0.109075733,29624.53,1050.07,13547.29,23804.55,1485052.52,5755.44,315885,0.0912,18255.83
11,28,2016,128.3959167,1138.3171,1138.3171,461.14995,136.5411333,70.76963333,44.24996667,21.08888333,12.0820218,81.49466667,17.68516665,82.88793333,12.73036664,70.06652251,47383.92,1282.95,8053.33,41752.09,1459704.07,6767.94,264074,15.4185,43183.84
11,29,2016,5.592516666,1477.91405,1477.91405,496.7329,133.3352,133.6646,36.51286666,19.24936666,11.81870255,48.21783335,34.14046669,73.81071669,33.70478334,71.0137576,49453.14,902.48,14009.06,41410.25,1465341.49,9391.11,338656,0.1026,32779.73
11,30,2016,10.16190009,1081.40415,1081.40415,266.66335,187.98995,50.13644999,41.10328333,20.69126666,6.98180699,47.37038332,17.98656665,66.33295,19.97609999,0.043181932,41808.79,968.39,13687.13,33170.16,1459328.11,9274.16,359136,0,27278.75
12,1,2016,44.40186666,1103.604617,1103.604617,324.3501833,165.4201667,92.85856666,27.7366,19.2914,15.10728822,75.78635001,13.36566664,86.95520002,31.11931666,68.31561054,27473.39,650.78,13192.74,6784.93,1455604.38,22893.31,401934,0.114,1503.34
12,2,2016,54.48291667,1129.4402,1129.4402,456.5838,189.4589833,44.45948333,28.01464998,20.2141,14.93960485,50.84853332,18.90321667,63.53788334,11.23228332,19.53397673,17260.28,794.26,13638.69,5078.55,1480024.14,8646.83,331986,0.8711,-2030.68
12,3,2016,32.64019993,1014.478433,1014.478433,525.6689667,59.77261669,2.255150011,32.84233332,18.76165001,1.122341144,48.44503334,6.38699995,61.83641669,4.514516682,55.48894971,38506.66,1297.92,6986.72,34693.87,1461439.2,4862.22,191083,18.5673,34914.31
12,4,2016,130.1888833,1122.0626,1122.0626,523.9574667,71.79328332,34.23026668,38.60166664,23.08713335,4.54410721,49.68779999,40.03258333,73.22876668,7.401850011,0.295935772,48748.92,971.36,11093.65,37009.45,1467774.58,15985.43,392613,12.094,33631.61
12,5,2016,8.522216619,1984.813883,1984.813883,522.6927167,189.5544667,131.8938833,27.77646666,18.52696667,65.82728816,53.37651667,40.32690003,95.28130002,31.28078332,128.0872868,18199.02,865.03,14314.5,7618.55,1497043.65,7558.76,272315,0,925.41
12,6,2016,69.17341666,1384.1822,1384.1822,477.87245,248.3054667,64.59283332,26.48011668,20.81668331,15.56498651,54.72898334,24.27299999,87.47725,26.12628332,70.00060688,28754.68,883.33,14350.7,20085.76,1476271.72,7366.34,266027,0.57,11836.06
12,7,2016,6.958816724,1092.329117,1092.329117,493.8524167,141.3697667,61.36106668,25.95339998,20.27456669,13.09600755,47.69963333,15.19743334,63.06345001,4.574533308,0.088525267,41068.83,1047.12,13545.04,37671.93,1469077.4,4755.45,296681,0.3131,29509.46
12,8,2016,36.09461665,1429.171867,1429.171867,534.1232333,117.1138,122.40495,42.00095,19.99710001,12.44317218,47.97126667,33.97331667,94.31463333,16.07898335,67.48490979,49659.1,1000.65,13530.99,42008.63,1468431.3,10099.61,412742,0.1999,36748.93
12,9,2016,93.1078666,1399.4568,1399.4568,675.0066,209.0313167,35.71046667,27.86336668,18.59936667,16.15222123,47.41538334,15.1974,64.0204,11.07804999,73.97580613,50321.1,993.74,12694.55,42459.45,1476661.14,9649.6,296383,9.0614,36488.84
12,10,2016,110.1465333,1338.317933,1338.317933,748.68555,69.79226667,2.016350004,48.35703334,19.93001664,16.13650363,46.84121666,24.20613333,86.82728334,18.41638332,70.46300482,54841.59,1084.4,13697.2,45810.05,1473686.59,13361.36,406798,2.9941,44092.37
12,11,2016,82.47255004,1505.044967,1505.044967,740.8351667,59.72443334,126.6281166,43.32466667,20.05125001,7.789721449,46.59798334,23.31668331,68.93070001,8.756833319,0.149121626,38262.04,778.23,14377.85,28541.11,1496668.93,9188.16,94096,0,16918.2
12,12,2016,8.129833341,1617.835017,1617.835017,567.2826667,59.67648335,124.2876833,40.52333333,22.47305001,10.67502285,47.43963333,16.91045002,64.95501666,7.203116639,0.108674726,63213.12,1141.87,11720.92,57398.76,1461986.66,13865.03,307551,1.5504,54123.91
12,13,2016,41.98996663,1133.408117,1133.408117,480.2614667,59.51156666,85.47655,30.36976665,19.15185001,10.26754128,48.60715,16.78164999,82.26593334,4.553933334,70.46958922,51200.39,888.62,14244.96,40760.31,1461088.72,14122.44,429878,0,34120.82
12,14,2016,52.33920003,1026.85025,1026.85025,519.29085,59.46553333,52.03163332,39.06591668,21.25075,5.734158016,48.72856667,8.872366622,75.85433334,6.204916647,0.095492803,43147.14,1127.26,10700.82,38485.18,1459900.26,5817.22,247282,13.1644,34321.16
12,15,2016,59.32954997,1508.666433,1508.666433,791.5620667,60.55000001,79.75835,25.96788335,18.77545002,5.957887407,45.53725,18.83364997,62.36706666,41.69525,73.09418588,47062.3,1085.69,12693.96,36158.03,1439091.06,14863.28,380361,1.6609,36834.81
12,16,2016,0.8468,273.4427667,273.4427667,166.4934833,8.793600007,3.232283333,17.9127,2.975633331,0.148936007,6.64236667,4.943683326,9.15403333,0.662650003,0.016834602,7629.26,167.36,1806.6,6187.7,212532.89,2004.71,40822,1.8213,6419.81
