,gen,temperature,humidity,visibility,apparentTemperature,pressure,windSpeed,windBearing,precipIntensity,dewPoint
2016-01-01,18.026199973000015,40727.34000000029,720.2799999999993,11125.599999999926,33989.340000000164,1156803.9599999906,8420.919999999951,300606.0,0.1276000000000001,27849.259999999966
2016-01-02,76.05129994800004,45637.30000000013,835.2800000000008,14333.360000000015,35226.43999999989,1460895.7600000158,11733.580000000076,380922.0,0.0,26637.980000000138
2016-01-03,74.08143333999995,47914.02000000049,883.5799999999954,14400.0,38548.4199999997,1453861.9800000167,10967.420000000062,327054.0,0.0,30604.260000000184
2016-01-04,108.52501667399987,32108.720000000045,861.979999999999,14119.279999999992,15936.880000000128,1463662.4200000113,16165.700000000235,460508.0,0.0,14835.89999999998
2016-01-05,148.10750003099974,17208.19999999975,770.8199999999921,14394.779999999992,3973.979999999963,1489091.4599999858,9592.179999999847,419634.0,0.0,-3292.159999999985
2016-01-06,136.92203333500004,28765.20000000002,825.1000000000025,14330.399999999881,22724.600000000064,1486863.0799999745,5726.979999999939,312532.0,0.0,7985.039999999978
2016-01-07,111.07721669400028,33599.039999999695,895.7400000000084,14287.19999999991,31265.41999999971,1477864.5399999986,3576.7799999999615,198706.0,0.0,15923.340000000124
2016-01-08,31.267216634999972,42463.280000000115,1033.160000000006,14205.979999999869,35261.179999999586,1475104.8600000008,7083.099999999996,52432.0,0.0,30723.44000000004
2016-01-09,27.691133334000018,54431.360000000874,1148.6400000000053,12903.559999999932,50012.21999999941,1472674.599999991,6061.940000000058,91426.0,0.0,46180.16000000009
2016-01-10,8.63096670900001,65328.61999999985,1212.89999999999,10617.85999999996,60219.900000000176,1442159.7199999902,12076.340000000051,219432.0,36.023799999999255,58692.0200000003
2016-01-11,80.06955000899998,37995.19999999969,667.4400000000035,14378.539999999986,25174.15999999965,1457371.6199999987,15447.820000000109,388552.0,0.0,11746.14000000005
2016-01-12,56.725133364999955,37019.55999999923,986.0000000000011,11865.900000000056,28385.73999999985,1452407.300000031,9427.360000000073,279262.0,1.3861999999999992,23338.41999999997
2016-01-13,90.76486667699999,29184.539999999823,798.2399999999999,13762.440000000024,14089.07999999988,1456468.4000000188,15363.680000000002,381954.0,0.0,9485.880000000003
2016-01-14,112.9268000219999,34581.47999999988,946.6600000000035,13902.299999999948,27178.679999999786,1459170.0000000116,7064.680000000061,309688.0,0.0,20113.579999999736
2016-01-15,63.8297499379999,50064.76000000042,1069.6799999999926,13036.960000000008,45708.560000000296,1451222.7800000065,6068.8399999999865,60078.0,3.0898,39091.80000000049
2016-01-16,20.085066687999994,51704.12000000022,1125.5000000000136,12815.76000000001,45054.7799999994,1444614.7799999926,8957.24000000001,419138.0,10.255999999999954,42576.40000000005
2016-01-17,22.266666675999954,40894.08000000015,942.9799999999897,12798.09999999996,32085.78000000009,1449397.2000000102,8791.840000000044,298740.0,0.5683999999999999,26046.400000000187
2016-01-18,116.44299997799992,26502.919999999725,721.6199999999978,13339.099999999851,5576.879999999973,1452262.260000011,22994.000000000175,416628.0,0.0,4077.6399999999376
2016-01-19,90.20348333299998,29427.60000000001,764.2400000000106,14063.620000000039,9795.02000000007,1462085.9400000065,22339.580000000013,434824.0,0.0,8520.24000000002
2016-01-20,142.88619998799985,34511.680000000524,782.0199999999955,14400.0,22169.920000000086,1466666.7599999823,11569.659999999923,431614.0,0.0,13619.26000000008
2016-01-21,156.73700005599974,31582.799999999734,710.7399999999925,14400.0,16889.37999999981,1471702.339999994,14262.620000000143,431890.0,0.0,7897.539999999965
2016-01-22,106.31516660400011,34200.80000000002,722.7600000000056,14164.299999999988,20540.71999999991,1468315.479999993,13297.22,50730.0,0.0,11070.580000000127
2016-01-23,22.40644996300001,32393.41999999982,746.6399999999958,12732.140000000063,16421.11999999995,1454778.8200000143,16594.7599999997,215802.0,0.8062000000000016,10487.039999999817
2016-01-24,138.17215003100006,38715.78000000078,737.7800000000034,14390.139999999996,31277.51999999992,1468568.6399999845,7272.379999999872,394602.0,0.0,15095.479999999821
2016-01-25,134.73916669199986,46343.49999999939,966.6599999999922,14090.859999999953,38466.85999999952,1469369.3200000096,9206.44000000001,267114.0,0.058000000000000045,31908.819999999636
2016-01-26,43.20321667400004,58144.39999999993,860.7999999999935,14400.0,50000.840000000215,1458756.8199999975,13170.079999999945,370510.0,0.0,39108.05999999969
2016-01-27,90.272499968,41495.01999999944,900.7400000000055,14390.139999999996,34661.780000000064,1463476.9199999971,10204.940000000039,328268.0,0.0,24348.499999999887
2016-01-28,153.47666670599992,46930.50000000024,1020.1399999999915,13289.87999999997,42356.73999999986,1441506.5199999884,6563.220000000038,343094.0,0.17979999999999982,34577.939999999864
2016-01-29,40.743900045999936,42736.78000000043,896.2199999999987,14287.479999999996,31716.000000000236,1456736.1200000066,12070.179999999764,382410.0,0.0,26077.320000000345
2016-01-30,98.09700000000014,57147.15999999973,743.0600000000019,14400.0,49735.519999999706,1457675.3799999785,11311.720000000001,266524.0,0.0,33100.01999999985
2016-01-31,75.82171672599985,63745.95999999972,914.4800000000066,14241.659999999973,58233.74000000119,1451809.940000003,12391.620000000026,341520.0,0.0,46294.66000000073
2016-02-01,56.273483320000025,51761.180000000364,894.7599999999981,14400.0,47900.61999999978,1473286.4399999962,6063.800000000017,409262.0,0.0,33547.21999999985
2016-02-02,154.69981659600026,58487.200000000405,1171.759999999987,11501.440000000124,55393.480000000236,1469136.2000000125,9534.559999999992,210166.0,30.08260000000013,50880.46000000049
2016-02-03,6.3497333870000014,69735.91999999997,990.6000000000054,14019.240000000025,65772.75999999972,1460779.4399999904,11877.420000000162,397094.0,1.1155999999999928,54851.89999999973
2016-02-04,56.098999990000024,46621.959999999475,963.739999999999,10502.219999999963,35493.71999999969,1467854.3799999955,13448.819999999949,448726.0,5.904400000000029,32022.620000000203
2016-02-05,14.409750002999997,37730.1999999995,987.6000000000032,14067.919999999951,30232.39999999986,1477484.4599999986,8874.480000000101,296500.0,0.0,24316.599999999904
2016-02-06,142.2038833690001,44814.31999999989,946.2800000000013,13404.059999999945,41927.460000000305,1468633.4800000023,4404.220000000057,213646.0,0.0,29077.47999999966
2016-02-07,151.2738000889999,36606.1200000003,1011.0800000000165,8345.580000000022,23131.040000000103,1454212.9200000165,14280.260000000002,54456.0,3.874400000000001,23824.399999999954
2016-02-08,8.794249932000001,32990.66000000033,1105.3800000000012,12488.460000000026,29626.160000000065,1445526.8599999954,4386.540000000043,140618.0,1.769000000000004,23855.940000000086
2016-02-09,108.76870000399991,39830.99999999977,1108.700000000011,10129.439999999953,34284.9799999997,1444107.1799999836,6275.039999999926,355948.0,2.5055999999999847,30610.82000000014
2016-02-10,5.586549928999998,22177.8800000001,764.0399999999979,13390.479999999901,2579.1600000000244,1458550.679999983,18322.78,420350.0,0.0,1776.9999999999734
2016-02-11,43.2644667070001,19725.660000000218,831.9399999999961,14369.920000000022,9079.760000000108,1464197.7200000146,8120.359999999978,309692.0,0.0,1367.2600000000164
2016-02-12,113.5997833479999,3143.900000000017,667.519999999995,13882.760000000028,-21861.160000000058,1468346.6599999815,19886.220000000034,435636.0,0.0,-20163.740000000173
2016-02-13,164.4055500319999,-4134.8799999999765,713.0200000000071,14351.419999999896,-17106.48000000024,1487784.5000000051,8668.559999999983,395580.0,0.0,-25843.260000000257
2016-02-14,196.87471670100004,23755.58000000002,1106.0000000000084,7993.720000000059,18252.399999999972,1479331.8999999922,5179.259999999995,116108.0,10.016599999999977,14881.340000000062
2016-02-15,34.50018334599999,58005.419999999845,1158.6000000000129,10841.539999999995,50647.17999999988,1448006.979999995,14864.499999999955,333432.0,26.42480000000011,49999.76000000005
2016-02-16,4.86914999900001,44466.459999999264,892.9199999999921,14371.0,33302.72000000009,1468098.4599999979,12605.73999999991,430138.0,0.09280000000000004,27888.479999999927
2016-02-17,33.59316661400008,31268.519999999542,697.0400000000001,14400.0,21726.439999999915,1487225.320000016,10623.859999999871,447574.0,0.0,6414.479999999951
2016-02-18,177.52811666699992,51440.27999999885,793.7599999999989,14132.619999999913,41486.13999999981,1471927.9799999977,13529.219999999934,265910.0,2.035799999999999,28155.09999999986
2016-02-19,103.9533000009998,69576.37999999984,756.5599999999964,14397.680000000002,65843.3799999996,1453106.7000000041,13138.440000000044,342602.0,0.0,44640.679999999316
2016-02-20,165.88308332300005,57429.25999999961,877.5999999999997,14381.439999999964,51722.96000000075,1462437.0599999994,9681.039999999964,461182.0,0.0,38810.3600000003
2016-02-21,94.59448332899997,44259.040000000125,716.9599999999973,14394.779999999992,36287.1400000004,1477771.580000017,8669.03999999999,184476.0,0.0,19482.320000000145
2016-02-22,176.89985002299983,48949.29999999975,1182.6600000000055,7893.500000000006,39958.86000000046,1473741.7600000096,10455.399999999954,70030.0,16.098400000000005,41452.39999999978
2016-02-23,65.24216666299996,71779.60000000063,1225.160000000008,9823.279999999922,69167.22000000013,1432949.8000000014,15626.01999999993,213818.0,66.23259999999965,65354.92000000055
2016-02-24,4.272066709999996,49005.299999999486,878.8400000000113,13506.799999999912,35092.479999999916,1439527.9800000077,20998.159999999873,401230.0,2.372199999999995,30691.099999999784
2016-02-25,62.95188328200005,36800.92000000008,702.6800000000082,14348.380000000023,24192.09999999994,1463619.4799999986,13249.46000000017,390568.0,0.0,11943.520000000106
2016-02-26,195.17491667199985,57029.379999999626,694.5200000000073,14400.0,50004.41999999958,1456427.8400000045,12395.619999999968,288154.0,0.0,30417.38000000007
2016-02-27,186.77676662299956,65703.35999999962,878.899999999998,14200.479999999812,59562.67999999961,1444734.2600000077,13770.419999999813,307484.0,2.2504000000000053,47074.260000000184
2016-02-28,119.48789995,51331.44000000051,618.8000000000063,14400.0,43398.03999999982,1462813.7400000026,10840.900000000069,346170.0,0.0,19536.819999999836
2016-02-29,55.89118336500003,52233.45999999988,950.2400000000118,12489.480000000036,41959.000000000044,1447315.3799999845,16208.23999999998,319364.0,20.624799999999965,36258.71999999929
2016-03-01,148.82404997899977,34514.459999999795,633.9799999999933,14371.580000000013,20997.399999999987,1470315.2000000025,13330.18000000017,436942.0,0.0,6340.879999999943
2016-03-02,122.72443331100006,38469.51999999933,839.6799999999901,13352.13999999988,29108.740000000253,1471087.7999999824,9990.460000000034,48304.0,0.11019999999999995,20069.240000000085
2016-03-03,192.13198329700012,40241.05999999973,676.1999999999895,14330.779999999999,31085.999999999734,1470418.8400000099,9084.719999999921,303496.0,0.0,12811.139999999932
2016-03-04,115.14234997300008,44428.45999999997,686.7799999999996,14389.560000000003,41486.33999999969,1475308.2600000114,4383.800000000038,312250.0,0.0,17288.619999999853
2016-03-05,138.39656667799974,55058.31999999933,879.8400000000053,14088.780000000093,50754.71999999984,1468286.4999999849,9446.780000000052,279184.0,0.0,36588.43999999998
2016-03-06,186.49998332399986,66153.53999999973,932.8199999999995,13811.659999999907,64166.02000000018,1468737.3799999899,5883.419999999985,310636.0,0.8932000000000018,48776.359999999884
2016-03-07,105.51206662800011,84653.99999999978,752.4800000000064,13666.859999999962,83383.08,1463293.4599999806,10363.859999999906,288234.0,0.0,55779.580000000155
2016-03-08,144.98686663,85611.16000000044,1061.180000000003,12997.019999999904,85611.16000000044,1458553.7199999746,6672.380000000043,357482.0,8.858800000000041,73163.10000000024
2016-03-09,165.65410002299984,68279.48000000027,957.9200000000072,14209.140000000007,66141.61999999924,1470288.0000000081,12712.879999999901,447480.0,1.6914000000000005,51830.69999999982
2016-03-10,35.20564996599997,67068.42000000083,790.8200000000137,14368.680000000002,64412.50000000053,1467803.2200000067,10647.080000000069,323190.0,0.0,42752.419999999875
2016-03-11,152.51666667200004,74792.81999999975,473.4399999999964,14400.0,72763.20000000086,1466857.8599999945,9429.119999999943,217246.0,0.06459999999999998,32066.919999999576
2016-03-12,171.27476666400014,56235.69999999952,1179.640000000013,11044.459999999899,47954.76000000034,1468289.24000001,11951.859999999993,91678.0,19.778600000000303,48647.82000000013
2016-03-13,129.6680000009999,64073.279999999584,1198.9599999999937,11858.279999999868,57307.71999999954,1454721.0000000298,12608.020000000195,67114.0,2.4461999999999966,57236.599999999686
2016-03-14,18.476183370000033,72132.61999999937,1100.5800000000145,11026.93999999989,70531.08000000076,1454310.8599999798,6725.840000000011,219424.0,11.037399999999964,60714.99999999884
2016-03-15,45.15008332800001,65757.63999999974,991.2999999999967,14079.439999999988,61952.23999999975,1449566.939999988,10444.399999999994,353818.0,1.4616000000000051,50821.31999999943
2016-03-16,154.43961666400003,53635.87999999902,765.2399999999941,14318.219999999961,44826.7999999998,1458062.7999999942,13918.579999999954,447212.0,0.8468000000000039,31234.94000000005
2016-03-17,135.83476669399965,45502.36000000033,558.4199999999996,14400.0,35750.11999999972,1469695.0400000073,10981.179999999993,262394.0,0.0,11761.899999999996
2016-03-18,104.10895010200021,48378.019999999975,849.9999999999964,11323.09999999999,42934.4000000006,1460939.5199999784,6344.539999999974,220082.0,2.024199999999997,27164.239999999972
2016-03-19,200.87659999600004,52775.37999999999,654.1399999999943,14278.779999999957,41669.519999999735,1458570.8000000003,17047.2199999999,411204.0,0.0,23710.379999999943
2016-03-20,106.91766662800008,66893.57999999949,701.2800000000083,14377.96,61132.96000000039,1460303.399999978,12358.979999999758,305898.0,0.04640000000000002,39150.87999999993
2016-03-21,154.4858832919999,67123.77999999962,762.559999999988,14400.0,62348.32000000063,1467289.3600000117,10812.699999999937,161798.0,0.04640000000000002,42947.20000000014
2016-03-22,187.98324998099997,60552.94000000031,1176.199999999987,9414.559999999827,55599.47999999962,1456304.3000000066,8774.480000000083,132940.0,5.962400000000009,52310.61999999924
2016-03-23,75.540533352,60226.14000000055,934.8399999999822,13994.34,54046.820000000174,1468720.1199999882,11451.779999999942,302384.0,0.0,44199.839999999575
2016-03-24,164.11828337999984,59385.299999999654,1016.4000000000087,14400.0,56116.41999999973,1480897.3199999991,6557.719999999968,230252.0,0.0,45730.24000000012
2016-03-25,63.57896661900003,60886.220000000234,1124.979999999984,11288.299999999927,56518.819999999294,1459434.1399999827,7894.70000000005,189870.0,23.553799999999924,51265.14000000048
2016-03-26,123.22131666599988,61709.220000000794,863.7200000000029,14155.81999999997,51035.47999999992,1447112.2600000002,23286.439999999984,413362.0,1.815400000000014,41800.47999999978
2016-03-27,121.83535002900008,57738.66000000032,621.2800000000035,14400.0,53078.9400000002,1473510.0000000081,11738.899999999949,365880.0,0.0,24632.06000000027
2016-03-28,27.190583328000034,77446.40000000001,756.8000000000046,14400.0,73517.47999999992,1461250.580000001,19966.040000000074,274976.0,0.0,52632.539999999826
2016-03-29,99.93150002999995,90244.25999999991,1107.9800000000166,13686.279999999999,90244.25999999991,1443360.6400000216,17234.800000000134,280080.0,5.479399999999979,79591.17999999996
2016-03-30,129.5535333720001,67410.91999999924,1043.100000000002,13643.779999999924,65210.980000000716,1439774.9599999865,7653.7999999999765,353480.0,7.847799999999934,55001.73999999974
2016-03-31,74.0268167380001,46400.280000000086,914.2600000000019,10810.60000000002,34091.24000000015,1442058.679999999,18809.819999999992,418704.0,8.764999999999976,28761.300000000138
2016-04-01,44.08813334500005,35689.620000000104,1081.900000000005,8576.80000000005,25382.65999999987,1462723.1399999994,9663.380000000088,167448.0,7.047000000000049,25555.66000000006
2016-04-02,26.613533270000012,37396.38000000001,698.5799999999995,14358.819999999996,23848.31999999985,1475329.1400000164,13943.440000000239,286148.0,0.0,11532.180000000031
2016-04-03,48.49054997499999,46216.800000000156,729.320000000008,14392.460000000046,38727.000000000444,1474073.5599999954,11345.779999999897,296686.0,0.0,21092.89999999969
2016-04-04,4.661899991000014,71076.43999999977,1197.6600000000087,12251.25999999993,68379.6,1442520.1400000092,15048.82000000004,261438.0,18.3652000000001,63951.180000000226
2016-04-05,28.481266672,57510.159999999865,910.8000000000056,14110.999999999956,49083.16000000003,1442389.3199999945,13411.899999999901,369220.0,1.975399999999999,40297.42000000016
2016-04-06,130.3395166380001,53287.380000000325,709.2199999999913,14400.0,46572.84000000029,1453957.939999986,10518.660000000089,343580.0,0.0,26688.099999999973
2016-04-07,27.679116597999993,55572.12000000028,572.199999999998,14400.0,47099.60000000029,1474285.2000000055,12194.720000000023,365830.0,0.0,21270.18000000016
2016-04-08,55.82528336800004,69961.3799999994,999.640000000005,13968.099999999871,66071.2600000003,1466170.2799999847,15911.480000000087,266286.0,5.0501999999999505,55721.82000000024
2016-04-09,139.17169999499993,62046.70000000027,958.8600000000043,13294.9,57530.81999999998,1469169.0999999947,11700.560000000047,417456.0,11.311600000000025,45927.159999999894
2016-04-10,208.33523332600026,61489.04000000054,742.0999999999873,14399.039999999979,57800.58000000009,1479998.8999999736,7132.040000000136,201612.0,0.0,35519.17999999997
2016-04-11,30.658566674999957,62711.21999999987,695.8999999999921,14334.259999999966,60473.000000000044,1481242.7199999746,7464.559999999918,160306.0,0.0,32138.05999999987
2016-04-12,97.37648332000012,67417.25999999983,606.7400000000042,14400.0,65415.66000000035,1483866.4800000018,7394.479999999979,115030.0,0.0,31035.75999999959
2016-04-13,197.0961000060001,69111.25999999998,593.0399999999942,14400.0,67525.91999999969,1484537.5799999936,9595.679999999958,116392.0,0.0,29468.599999999667
2016-04-14,206.39581669000015,79516.08000000083,649.8000000000019,14397.680000000002,79291.50000000137,1476660.8000000066,5308.4600000000455,228092.0,0.0,44029.35999999985
2016-04-15,206.4212499859999,87533.11999999943,594.7599999999957,14396.52000000003,87237.90000000047,1465496.7400000086,8293.499999999874,286330.0,0.10439999999999995,49671.76000000016
2016-04-16,211.19598336100032,74709.05999999857,513.6600000000051,14400.0,72224.33999999956,1468152.880000003,15356.520000000075,386606.0,0.0,35049.199999999444
2016-04-17,206.9330333629997,70733.17999999993,653.2999999999931,14357.080000000013,68631.83999999952,1471676.659999979,7507.340000000099,282242.0,0.0,34814.12000000005
2016-04-18,192.155733334,91424.39999999972,670.5399999999975,14363.620000000072,91424.39999999972,1459517.700000013,8548.659999999978,287140.0,0.30440000000000056,57730.760000000155
2016-04-19,185.08861667700026,89307.9199999991,1075.0199999999911,11570.020000000082,89307.9199999991,1453700.9400000088,7842.759999999992,319244.0,10.657599999999883,76500.58000000051
2016-04-20,213.85531662299996,71057.08000000031,511.399999999996,14400.0,68138.51999999935,1461938.6000000087,12563.879999999885,339100.0,0.0,31170.100000000002
2016-04-21,203.517349998,73766.71999999987,522.4799999999947,14397.680000000002,73548.0600000002,1463727.999999997,6267.040000000039,330648.0,0.0,33418.959999999846
2016-04-22,82.35653328699992,69436.05999999959,880.1200000000077,12952.23999999998,66113.95999999996,1454780.0399999938,7805.859999999987,158960.0,12.835400000000018,49089.839999999684
2016-04-23,162.28734997799992,62765.0999999995,993.8599999999994,12936.740000000029,60865.45999999972,1456973.0599999833,6785.180000000016,317728.0,0.0,45481.380000000325
2016-04-24,210.834466684,69629.97999999972,538.5400000000036,14377.379999999981,68041.3600000001,1461004.060000013,6818.920000000071,362608.0,0.0,31290.000000000076
2016-04-25,100.42306663899998,72010.31999999916,733.9399999999936,14400.0,70515.65999999922,1466940.8399999759,7660.4199999999855,205950.0,0.06379999999999993,46216.2200000008
2016-04-26,19.05874997400002,76194.6599999998,769.3000000000008,14376.220000000008,74304.44000000003,1470576.120000009,7977.219999999978,269502.0,1.2064000000000032,51112.21999999942
2016-04-27,222.1429500199999,67310.71999999962,960.3599999999947,13719.15999999996,64374.39999999971,1472515.7199999918,7904.139999999951,237596.0,4.290000000000026,51894.32000000064
2016-04-28,197.62356669700014,65378.31999999984,1291.8200000000193,9945.59999999997,63650.44000000003,1462782.85999999,4914.339999999941,170876.0,18.08660000000001,61291.77999999988
2016-04-29,143.29856663999996,70573.93999999968,1277.6399999999956,11546.13999999993,70168.35999999991,1457299.2399999904,4672.059999999951,197224.0,9.593400000000003,65923.58000000002
2016-04-30,91.12921662399985,68452.4399999991,1210.6599999999592,13231.240000000193,65017.45999999956,1454219.1200000003,8155.879999999974,81972.0,5.214000000000007,61817.59999999975
2016-05-01,37.14315006400002,69414.97999999976,1119.0599999999938,13660.340000000055,65248.75999999983,1449927.9599999879,14655.480000000114,45682.0,0.7558000000000002,59755.679999999986
2016-05-02,30.295383303000015,75984.10000000095,1127.1800000000142,13138.139999999987,74405.70000000036,1452220.8000000208,9608.619999999977,85072.0,10.699000000000037,66157.73999999992
2016-05-03,34.60513329200002,73754.18000000088,1262.3000000000388,12109.499999999854,72367.34000000078,1452255.9399999802,6758.719999999963,98626.0,1.943000000000001,68583.18000000056
2016-05-04,19.384866709000026,75156.15999999919,930.7800000000079,13109.760000000078,73925.42000000062,1447846.3800000174,15261.920000000013,344774.0,2.911600000000011,55995.560000000056
2016-05-05,42.038133336999984,74709.08000000083,659.4200000000031,14400.0,72766.04000000047,1462951.180000003,13843.559999999765,418862.0,0.0,42592.100000000464
2016-05-06,80.18425007000008,76105.81999999964,686.4000000000102,14397.100000000042,75434.77999999953,1470605.7600000014,7519.839999999965,405928.0,0.0,43532.59999999962
2016-05-07,33.344399943999925,84874.66000000069,667.0000000000099,14383.18,84628.16000000069,1469253.1199999982,4396.620000000024,282398.0,0.0,49298.019999999684
2016-05-08,130.1822334139998,91558.51999999955,641.4199999999912,14390.719999999903,91472.09999999955,1465072.6000000008,7300.280000000044,216496.0,0.0,54432.70000000022
2016-05-09,208.73738337000015,85740.1199999994,1190.1200000000035,10471.659999999794,85740.1199999994,1452949.4400000055,7151.180000000044,309814.0,10.24280000000009,77604.7400000008
2016-05-10,196.69821668800006,85693.62000000088,912.7800000000084,13951.659999999965,83992.4200000009,1445009.2800000003,12727.620000000097,338262.0,5.040200000000002,66206.09999999992
2016-05-11,202.86443331299986,66105.81999999972,698.379999999992,14400.0,59543.76000000039,1452627.3799999733,19573.239999999874,400570.0,0.0,39285.09999999967
2016-05-12,193.49800001000017,71820.46000000015,707.1999999999969,14393.620000000019,69213.36000000063,1464224.2599999763,16473.960000000174,382002.0,0.0,42823.27999999993
2016-05-13,51.61791663599996,81478.71999999938,748.1400000000003,14362.880000000034,80735.15999999987,1468198.0999999822,10126.99999999989,291826.0,0.0,54546.880000000434
2016-05-14,147.32493328500001,84296.30000000079,756.8599999999967,14373.90000000001,84296.30000000079,1467267.6999999792,6120.820000000016,251300.0,0.0,57207.54000000055
2016-05-15,136.45851661600022,79936.8399999991,1005.0999999999871,11637.459999999866,79936.8399999991,1469589.0400000168,4081.07999999999,300378.0,2.7723999999999935,63979.300000000345
2016-05-16,98.31386675100049,86632.74000000047,833.6400000000066,14034.019999999977,86606.06000000052,1471010.620000004,5660.619999999982,297614.0,0.0,61959.35999999989
2016-05-17,137.51331663800002,86179.02000000005,852.0199999999924,14390.720000000008,86179.02000000005,1458320.7200000142,6933.159999999957,279296.0,0.18560000000000013,64131.16000000056
2016-05-18,179.83168335499985,88535.77999999964,950.6799999999912,12979.0,88535.77999999964,1456976.0999999957,6203.520000000027,98048.0,0.5858,69348.700000001
2016-05-19,106.35090000599996,93029.35999999986,933.4399999999946,13849.580000000018,93029.35999999986,1457041.6200000118,7987.900000000007,129502.0,10.660399999999992,72319.45999999979
2016-05-20,175.60014997600004,91387.70000000017,1059.0600000000045,10717.000000000025,90881.17999999945,1461622.0400000173,6525.000000000042,281604.0,0.16240000000000018,75209.86000000064
2016-05-21,84.897849969,104376.22000000012,824.6400000000033,13794.480000000201,103696.30000000035,1464954.65999999,7148.459999999981,352524.0,0.0,78258.33999999973
2016-05-22,109.21584997200004,107398.2799999997,848.4199999999929,14147.379999999903,107674.98000000053,1464691.3000000063,8016.5600000000295,259046.0,0.174,84229.3000000008
2016-05-23,161.511666677,109422.72000000057,986.2799999999972,13349.359999999893,110430.48000000064,1465331.0000000019,7548.040000000113,285986.0,2.37220000000001,91834.45999999942
2016-05-24,58.32755000000003,107410.29999999992,1027.540000000006,13247.300000000034,108188.66000000045,1467698.0199999951,6231.1200000000445,170152.0,0.3074000000000008,92608.08000000019
2016-05-25,170.38936661799983,99406.35999999929,1167.8000000000127,11873.96000000002,99406.35999999929,1462286.7800000163,6328.459999999996,188428.0,16.074599999999894,90297.5599999997
2016-05-26,141.84485002100016,105595.78000000044,911.520000000013,13265.320000000023,105110.90000000125,1458825.3000000159,10002.960000000072,370104.0,2.427400000000006,82899.6999999998
2016-05-27,114.09000002599991,98893.73999999902,852.3600000000077,14345.479999999985,98818.91999999953,1466293.3999999906,7915.699999999997,205930.0,0.0,75726.97999999915
2016-05-28,160.30893326900022,97073.18000000056,938.5000000000057,14042.14000000006,97073.18000000056,1469363.8600000069,9069.480000000063,153622.0,0.0,78577.00000000065
2016-05-29,120.31420006599977,93336.3000000012,1153.979999999987,13732.600000000015,93336.3000000012,1464866.4399999788,8134.9800000000805,264630.0,1.1541999999999955,84266.37999999974
2016-05-30,122.54065004000014,102389.51999999805,1004.0199999999984,11814.559999999994,102343.69999999873,1461194.6800000062,4325.760000000017,308638.0,0.0,85307.79999999938
2016-05-31,185.2842666639999,93406.53999999931,1288.360000000015,10548.839999999956,93406.53999999931,1451573.0800000005,9115.38000000004,240012.0,32.90919999999992,88751.30000000045
2016-06-01,175.27050003700032,100895.52000000131,970.9799999999906,13811.340000000051,100824.18000000155,1443797.6399999985,9157.899999999887,316666.0,0.0,82302.07999999855
2016-06-02,168.13168328400013,97040.3000000003,990.5600000000139,13879.859999999953,97040.3000000003,1438397.4200000137,8267.260000000097,372754.0,7.830000000000026,80651.57999999878
2016-06-03,80.8670000300001,85272.06000000032,871.9799999999894,14331.559999999903,85272.06000000032,1442735.2000000093,17032.200000000004,419176.0,1.2527999999999957,65421.92000000022
2016-06-04,140.25948334200018,83259.70000000023,731.380000000005,14400.0,83259.70000000023,1451273.9200000253,19568.960000000054,418008.0,0.0,56354.460000000014
2016-06-05,23.313666702999996,86450.45999999944,768.6599999999906,14361.17999999995,86177.8599999989,1461075.120000008,10365.260000000004,398046.0,0.0,59747.61999999995
2016-06-06,170.61593335299995,85328.23999999957,1201.4200000000144,10600.32000000001,85328.23999999957,1452662.8599999782,4856.080000000048,272130.0,16.94179999999997,77715.65999999971
2016-06-07,140.83666663800008,87542.38000000105,855.9200000000058,14257.96,87542.38000000105,1447080.839999992,19770.819999999974,438546.0,0.09279999999999988,66428.11999999924
2016-06-08,104.85341663800008,85711.55999999933,918.1799999999976,14382.02000000003,85711.55999999933,1452477.859999986,15203.720000000018,446056.0,0.35959999999999986,67454.95999999956
2016-06-09,168.827549998,92319.42000000036,839.480000000005,14380.119999999988,92319.42000000036,1458050.3599999915,11683.719999999796,427376.0,0.0,68296.08000000006
2016-06-10,192.61164999000005,100547.76000000135,829.2800000000095,14375.799999999994,100174.24000000108,1455408.4399999918,7046.659999999937,281338.0,0.10539999999999967,74694.95999999999
2016-06-11,50.42183332999999,101812.61999999946,787.600000000004,14365.780000000044,101539.43999999926,1452864.7800000184,5371.2799999999725,175914.0,0.0048000000000000004,75524.0000000006
2016-06-12,115.41679992999981,96093.55999999984,790.9800000000016,14375.399999999943,96093.55999999984,1466052.1399999945,5721.280000000001,252802.0,0.0,69239.46000000079
2016-06-13,161.62213337500006,100852.35999999986,747.2600000000039,14390.379999999994,100063.5600000001,1475728.900000005,6720.419999999985,236490.0,0.0,70818.03999999998
2016-06-14,192.59320003099964,101978.17999999941,910.539999999996,14117.540000000006,101895.49999999913,1473316.6400000018,10171.219999999988,263820.0,0.0,81211.36000000023
2016-06-15,180.85721673399993,107140.88000000038,880.820000000002,14182.499999999969,107279.3600000004,1455539.4600000018,12085.779999999935,312306.0,4.245599999999962,84813.32000000011
2016-06-16,161.1049833660003,95430.74000000069,806.0799999999996,14358.82000000005,95110.4600000007,1452717.539999999,8804.700000000012,400626.0,0.5104000000000017,68949.20000000038
2016-06-17,166.78025002299992,93973.80000000088,803.9000000000085,14317.640000000049,93973.80000000088,1456994.440000019,6871.100000000028,321482.0,0.0,67738.46000000008
2016-06-18,177.8209666009999,98672.46000000012,818.7599999999874,14279.360000000004,98476.21999999993,1460610.2400000056,5862.499999999995,168010.0,0.0,72391.66000000102
2016-06-19,173.031350059,99972.12000000026,815.6000000000001,14270.080000000004,99376.72000000035,1469850.0400000066,5016.579999999952,294722.0,0.0,73398.66000000012
2016-06-20,162.58738332300038,103764.83999999889,797.2399999999956,14339.09999999999,103237.41999999857,1471634.9,7886.199999999997,284642.0,0.0,77174.88000000035
2016-06-21,195.4301666409997,104700.74000000028,834.479999999999,14395.359999999951,104550.08000000013,1465722.3200000124,12814.240000000014,261556.0,0.06379999999999993,80621.33999999953
2016-06-22,160.3356833059998,103031.74000000092,1131.3199999999922,13185.379999999835,103031.74000000092,1460748.0400000012,12219.339999999998,263988.0,6.646800000000024,92658.79999999981
2016-06-23,155.92889999700003,105374.42000000106,1039.2799999999913,13530.679999999982,105341.36000000066,1456205.240000025,7705.739999999998,338784.0,7.696600000000012,89841.75999999931
2016-06-24,178.19604998300014,104266.24000000025,819.5799999999936,14299.07999999999,103743.08000000085,1460626.2800000077,7628.140000000018,446536.0,0.0,78254.77999999971
2016-06-25,174.10840002800012,100912.64000000118,1037.1200000000006,13969.05999999993,101043.72000000051,1460841.7200000111,10039.939999999966,279776.0,13.061399999999978,86457.55999999955
2016-06-26,169.94621657899975,98174.40000000074,874.5000000000091,14127.980000000005,98174.40000000074,1458024.8799999882,13664.160000000076,408078.0,2.459400000000021,75537.98000000021
2016-06-27,132.68508337399962,97368.5199999995,811.559999999991,14320.119999999994,97318.63999999946,1464557.060000011,9371.880000000092,367778.0,0.0,71579.80000000034
2016-06-28,76.01208334599994,102834.99999999943,810.8999999999902,14207.440000000022,102079.26000000142,1462849.6800000202,8987.61999999994,324714.0,0.05059999999999995,75680.06000000183
2016-06-29,176.77296671399984,107087.32000000036,1035.5399999999927,12567.339999999995,107581.47999999933,1452297.5400000028,6075.7599999999775,325052.0,9.786199999999907,91963.28000000057
2016-06-30,168.93846662699983,111738.84000000043,916.8999999999866,14075.779999999913,112213.28000000022,1454305.9400000034,7759.7999999999265,339422.0,0.0,90316.39999999994
2016-07-01,111.56546670199991,108427.17999999975,1151.2600000000016,12203.940000000028,109598.19999999946,1451372.7799999982,4852.639999999955,231978.0,7.000599999999972,98338.33999999998
2016-07-02,172.58218324999993,102776.69999999975,1102.9599999999864,13092.240000000029,102776.69999999975,1454681.460000007,8541.380000000103,99458.0,2.572600000000017,91213.09999999857
2016-07-03,178.33755008999978,90353.65999999936,1238.3399999999976,11865.660000000127,90353.65999999936,1455919.3799999969,6245.000000000004,149962.0,9.479800000000003,84171.18000000037
2016-07-04,180.8848499519999,94621.5899999995,1224.4000000000176,12503.469999999972,94621.5899999995,1457610.9900000128,4474.399999999981,348158.0,5.620499999999922,87768.80999999949
2016-07-05,132.98766667900023,94700.91000000032,1041.5799999999854,12755.859999999897,94700.91000000032,1466842.06000001,5718.220000000013,353521.0,0.0,80031.32999999957
2016-07-06,164.831116573,105405.80999999984,933.5300000000027,14124.579999999909,105326.57999999991,1465951.2800000096,8801.349999999982,287484.0,0.0,85659.2999999997
2016-07-07,85.66458337499998,112133.40999999948,953.6600000000025,13896.800000000016,113097.84999999966,1461907.5199999965,13166.229999999985,273152.0,1.5617999999999945,93421.74999999983
2016-07-08,94.97136666200005,109891.32000000039,1198.7700000000234,10549.540000000196,111698.52000000102,1454095.2400000126,9722.560000000041,293398.0,13.075799999999953,101466.51999999983
2016-07-09,27.733400054000008,111017.44000000056,970.9699999999838,12999.510000000075,112012.2,1458159.8899999976,6823.170000000026,314898.0,2.165999999999996,92477.0300000001
2016-07-10,83.68033333199995,110010.73999999961,953.7600000000069,14258.640000000029,110387.59000000037,1465716.639999988,5375.310000000024,293327.0,0.6669000000000043,91278.96000000011
2016-07-11,145.63948333699983,110840.66000000072,954.1899999999922,13845.560000000014,111865.30000000194,1465498.5399999884,7912.960000000028,331672.0,0.8505000000000001,91585.54999999932
2016-07-12,161.5846666120002,107152.96000000057,920.2900000000076,14324.020000000017,107487.85000000059,1462710.9999999953,11965.289999999883,384682.0,5.0432999999999915,87205.6900000002
2016-07-13,146.1654833609999,96511.1899999998,839.2900000000105,14124.119999999966,96427.40000000056,1471005.2399999872,7725.229999999987,412102.0,0.0,71447.96999999997
2016-07-14,67.26601669800002,102338.01000000018,857.5400000000135,14255.79000000004,101706.0400000007,1469273.879999987,7281.909999999979,372581.0,0.0,77522.70000000054
2016-07-15,140.14933342500026,114379.85999999948,857.4999999999981,14348.129999999957,115921.56999999961,1458603.6899999767,11690.00999999991,311116.0,0.3705000000000009,90754.05999999879
2016-07-16,147.9675000020001,115577.51000000081,857.330000000003,14117.729999999992,115634.48999999977,1453435.359999998,11871.109999999935,392625.0,0.7409999999999987,90716.74000000111
2016-07-17,151.8896166660001,107345.01999999922,880.2600000000105,13726.949999999943,106832.02000000005,1460835.219999995,7643.349999999952,397292.0,0.0,84128.15000000097
2016-07-18,118.31445004400004,110015.02999999792,977.619999999999,14320.20000000002,111930.79999999948,1457790.4799999981,7453.6600000000135,301839.0,2.3711999999999933,92636.59999999945
2016-07-19,127.81431669099989,112068.48999999983,902.7899999999976,14353.259999999966,112066.77999999952,1455490.730000008,11626.319999999916,389292.0,0.0,90156.29999999912
2016-07-20,168.8267666790002,110089.38000000021,862.7499999999998,14220.449999999968,109515.39000000006,1458547.140000007,5291.800000000006,358217.0,0.0,85304.08000000009
2016-07-21,175.0960500140001,112261.82000000002,911.4900000000015,14160.849999999953,112721.81000000003,1457041.8800000052,5037.8299999999945,332816.0,1.2148000000000032,90699.6100000005
2016-07-22,146.0853666600002,106970.59000000037,1122.9699999999953,12471.799999999981,107645.47000000077,1457175.1400000069,5483.099999999937,183634.0,8.087599999999947,95492.24999999907
2016-07-23,170.01708344400015,105418.3399999993,1059.6699999999837,13041.069999999845,105555.13999999876,1464343.659999992,5172.64999999994,138194.0,27.01670000000023,90949.33000000208
2016-07-24,168.38071664400007,99510.84000000029,1243.5500000000152,12075.250000000031,99510.84000000029,1466757.5499999877,7407.989999999949,58523.0,24.49990000000021,93252.60999999955
2016-07-25,111.50260003000004,99497.0499999992,1177.1100000000117,12945.839999999976,99497.0499999992,1467167.8100000077,5059.350000000003,73854.0,36.84439999999998,90901.87000000013
2016-07-26,167.99236669900014,93920.30999999844,1173.3800000000042,12158.26,93920.30999999844,1470484.87,4109.700000000054,56581.0,2.263299999999982,84777.70999999905
2016-07-27,152.66234995500008,98923.70000000014,965.1899999999961,13701.179999999935,98906.0300000004,1470744.6099999936,5685.590000000054,289820.0,0.0,80361.62999999963
2016-07-28,114.85661667099993,103336.24999999936,928.6299999999902,14123.54999999998,103026.21999999903,1466383.1700000076,7824.360000000023,283026.0,0.0,82460.87999999925
2016-07-29,115.80528333400008,110163.05999999959,964.6100000000075,14267.760000000017,110644.47999999995,1453678.6900000095,11545.2000000001,287132.0,1.8944999999999959,92136.71000000015
2016-07-30,110.33176663399999,106784.21999999993,977.0599999999905,13472.61000000005,107783.1000000012,1451407.4599999974,8175.369999999941,411834.0,2.7719999999999985,89010.0499999984
2016-07-31,51.17870003000004,104222.56999999977,874.3599999999991,14350.410000000064,103894.16999999993,1461353.1799999964,7348.289999999913,314196.0,0.0018,81291.3000000012
2016-08-01,45.404866649999974,102292.11999999994,867.0699999999811,14218.74000000004,101448.52000000008,1469941.460000001,6857.620000000077,374435.0,0.0,77589.86999999957
2016-08-02,100.26898336500014,107585.42999999977,1058.4299999999891,13433.839999999984,108557.50999999793,1470534.4200000106,9581.36000000009,270391.0,19.297800000000187,93426.43000000039
2016-08-03,172.02823333300003,114456.76999999996,1181.5000000000193,10885.139999999898,118842.52000000051,1465402.4399999871,5841.779999999967,292731.0,5.753299999999999,105139.54000000103
2016-08-04,171.92423338900016,114638.68999999932,1147.1699999999855,13842.130000000081,118892.78999999995,1456977.5399999858,7865.990000000036,296842.0,11.899499999999914,104333.33000000006
2016-08-05,160.9024666209998,115521.04000000085,1150.9199999999942,12782.660000000044,121197.67000000025,1456597.499999996,5657.289999999929,272626.0,15.986100000000016,105059.80999999936
2016-08-06,99.91716663899996,114654.74999999959,1104.9000000000033,14074.299999999983,118413.89999999988,1458450.7999999998,8645.689999999944,333651.0,9.432699999999969,102290.78000000093
2016-08-07,170.3892333349999,108920.74000000063,997.8899999999977,14386.899999999936,109409.23000000144,1469017.0000000098,7796.5000000000555,389206.0,0.0,92384.64000000195
2016-08-08,169.20796667199963,108596.01000000056,1147.459999999989,14069.76999999982,110398.92000000048,1467911.7699999802,9404.769999999957,179181.0,7.0755999999999935,98637.67000000169
2016-08-09,167.30958336100016,106798.67000000004,1002.5999999999922,14295.579999999969,106897.85000000003,1461258.4699999993,12230.89000000015,407142.0,0.7049000000000005,90754.9100000001
2016-08-10,47.93274987300001,106191.34999999992,1056.589999999996,13854.310000000105,106686.68000000042,1460870.0700000268,4764.339999999995,335852.0,0.8777999999999975,91522.65000000168
2016-08-11,111.01976665200003,104705.8700000008,1014.2299999999846,13822.649999999847,104858.630000001,1460165.789999986,4407.379999999979,269163.0,0.0,88220.5399999988
2016-08-12,99.50756674600001,106352.0099999998,1059.3500000000015,14086.369999999888,106949.36999999936,1459967.6300000024,8209.920000000051,253126.0,0.2736000000000008,92532.2200000011
2016-08-13,135.0506667060002,105757.33999999975,1130.3799999999844,13244.610000000002,106535.38999999998,1454748.1499999792,12114.240000000245,298629.0,31.578000000000007,94868.20999999999
2016-08-14,146.81153328000013,89968.60999999946,972.9000000000001,14115.569999999909,89968.60999999946,1468297.4399999867,11329.239999999782,435328.0,0.06840000000000002,72560.81000000014
2016-08-15,139.23851665999987,95789.66999999857,987.8399999999826,13883.579999999845,95789.66999999857,1475693.3099999956,5284.210000000056,359288.0,0.0,78074.7600000002
2016-08-16,76.86998330000011,105326.78999999921,984.4199999999837,14112.150000000092,105332.60999999908,1469664.5099999798,8789.810000000121,278000.0,0.0,87546.62999999989
2016-08-17,124.55818338900006,109362.74999999975,1088.4299999999866,13162.750000000024,110677.78000000035,1461732.4499999976,10243.01000000003,292320.0,0.712500000000001,96762.12000000077
2016-08-18,169.11778336100008,107752.04000000095,962.7799999999877,14007.049999999968,108563.45000000081,1467159.9899999942,7392.860000000039,357910.0,0.0,89195.66000000051
2016-08-19,131.47359997500007,106376.57999999952,975.1399999999917,14052.870000000086,106485.13999999852,1473636.8099999875,6991.360000000014,257865.0,0.0,88028.790000001
2016-08-20,171.9105999509999,110338.26000000203,905.3900000000023,14316.21000000008,110322.89000000079,1468045.1299999997,12431.729999999945,338591.0,0.38759999999999944,89023.25000000026
2016-08-21,72.7070833030001,98928.42000000004,917.2799999999908,14272.889999999972,98804.81000000032,1469705.1400000097,7442.979999999971,313005.0,0.0,78318.20000000008
2016-08-22,188.6922666600002,99643.5599999982,1109.450000000008,14266.389999999998,99641.5999999982,1462033.4199999974,5924.140000000001,294660.0,0.0,88126.79000000126
2016-08-23,181.98953342800016,102836.840000001,1142.849999999998,13799.949999999937,102836.840000001,1455800.0699999998,3921.0800000000245,342531.0,3.7619999999999925,92631.34999999977
2016-08-24,167.2950999259997,95548.91000000073,946.4600000000065,14283.789999999926,95548.91000000073,1465031.0499999993,9496.999999999996,168958.0,0.06269999999999992,76667.77000000031
2016-08-25,120.74739998200002,90806.62000000053,1011.7700000000118,14288.849999999833,90806.62000000053,1472858.6799999948,6117.410000000096,63472.0,0.0,75379.04999999917
2016-08-26,141.73911666100005,92380.48999999964,966.1499999999941,13644.179999999895,92380.48999999964,1475426.009999983,9227.05999999999,46935.0,0.0,73911.88000000005
2016-08-27,157.27256667899994,95363.64999999951,912.0999999999968,14353.260000000058,95363.64999999951,1470795.9000000253,14704.439999999913,27162.0,0.0,75283.55000000031
2016-08-28,168.3676666319998,100633.06999999864,1115.9999999999923,13119.000000000064,100633.06999999864,1465249.1700000092,14544.539999999924,48199.0,0.9870000000000032,89938.46999999999
2016-08-29,152.9577498979996,102984.499999999,1174.8000000000022,13340.879999999881,102984.499999999,1463273.9700000063,8663.140000000032,76349.0,0.8085000000000003,94044.66999999975
2016-08-30,170.65785001699973,108094.2599999991,1143.190000000011,12212.880000000026,109223.43000000011,1455509.089999986,6578.469999999957,256011.0,11.593700000000021,97361.56000000003
2016-08-31,59.25679998100002,110455.75000000016,1044.960000000001,13463.219999999937,111477.18999999977,1459280.170000003,7067.579999999913,348044.0,0.08559999999999993,95311.11000000007
2016-09-01,75.23861674399994,110789.69000000054,1110.9399999999996,13776.569999999825,112111.52000000067,1459956.9199999915,10147.749999999933,224386.0,2.312199999999983,99386.16999999856
2016-09-02,150.24938331400017,91178.44999999885,970.4799999999918,13574.489999999985,91178.44999999885,1466843.3999999934,10776.129999999992,388624.0,7.6228999999999765,73246.38000000014
2016-09-03,131.08931665399982,89100.71000000034,992.6999999999953,13701.749999999896,89100.71000000034,1473393.880000003,4580.180000000053,322271.0,0.0,71669.49000000041
2016-09-04,161.58163335800006,101893.49000000095,968.1399999999936,14130.389999999972,101802.72000000085,1466779.0200000133,10763.630000000068,285169.0,0.0,83432.37999999974
2016-09-05,139.9843167139998,93163.64000000055,930.2300000000012,14069.96999999995,92984.80000000008,1470494.4500000183,11447.44000000006,237469.0,0.5016000000000016,74246.54999999994
2016-09-06,84.48695000599997,83121.30999999882,994.6399999999952,13877.880000000037,83121.30999999882,1477449.4699999944,3555.63,298997.0,0.0,65984.52000000073
2016-09-07,85.34856668299996,88617.02999999946,994.23000000001,13841.970000000105,88617.02999999946,1474861.409999993,8663.05999999996,247905.0,0.0,71831.5099999999
2016-09-08,112.87868328699989,101375.83999999946,1127.5400000000054,14122.409999999967,101375.83999999946,1465577.0099999863,11974.120000000217,275409.0,2.0006999999999886,90598.8299999978
2016-09-09,136.5688333930002,103048.2399999992,1292.0599999999909,11664.71999999996,103048.2399999992,1464374.9999999884,5911.099999999951,244452.0,39.991400000000155,98357.84999999961
2016-09-10,76.798633362,101518.51000000018,1221.459999999999,9993.900000000047,101744.22999999972,1467452.0399999972,3882.749999999999,287526.0,0.1765000000000002,93653.23000000067
2016-09-11,137.2958167319998,97561.57000000012,1073.9900000000036,11818.889999999948,97561.57000000012,1470152.1400000001,5233.660000000034,293703.0,0.0,83068.28999999925
2016-09-12,163.639050024,94831.03999999963,1014.3699999999966,13959.390000000038,94580.23999999982,1470637.140000002,5753.600000000015,223738.0,0.0,78047.16000000059
2016-09-13,167.10455011699995,93008.3500000011,1061.5999999999885,14231.290000000015,93008.3500000011,1463794.6900000037,6239.959999999963,299467.0,2.534100000000004,79668.84999999934
2016-09-14,147.30349999599974,80791.7300000001,972.0299999999995,13993.320000000083,80739.8599999999,1468621.6899999927,10153.549999999923,331277.0,1.216499999999996,63621.30999999987
2016-09-15,170.3346833009999,72042.58000000002,961.3400000000015,13594.28000000001,71412.35000000011,1471128.0899999926,8619.02000000013,399603.0,0.0,53622.89999999983
2016-09-16,158.16643335399993,78618.04999999981,980.8699999999895,13486.159999999982,78545.46999999981,1468649.2399999718,7879.659999999996,223919.0,1.7988999999999984,62012.10999999971
2016-09-17,141.5074500249997,87413.66999999993,1193.0300000000075,12127.61999999995,87413.66999999993,1460010.939999988,3407.28999999997,201844.0,14.297899999999947,78931.1700000007
2016-09-18,32.727316633999976,81754.60000000021,1129.560000000003,14071.029999999933,81754.60000000021,1475260.1600000202,12574.31000000005,71088.0,0.06840000000000002,72020.7000000011
2016-09-19,40.95368328499991,81361.18999999901,970.999999999986,14400.0,81361.18999999901,1484671.360000012,12719.470000000232,76066.0,0.0,65475.289999999426
2016-09-20,121.13221674100024,76720.56999999941,1191.5000000000007,11075.93999999997,75188.97999999966,1480786.9300000085,13789.589999999944,49175.0,11.7623999999999,69085.57999999962
2016-09-21,122.59964997700014,76464.22999999988,1295.0100000000052,10894.330000000064,76464.22999999988,1473384.639999988,10062.859999999848,37405.0,0.5894999999999996,72324.97999999982
2016-09-22,138.502616668,82376.86000000034,1291.4000000000062,12713.36000000006,82376.86000000034,1464904.0800000124,3786.270000000056,232317.0,0.0,78009.92999999922
2016-09-23,67.48030003900011,88501.7099999998,1156.4299999999948,13946.279999999972,88501.7099999998,1470681.8100000175,6039.970000000031,132139.0,2.781599999999993,79280.62999999952
2016-09-24,132.84841665800025,76502.76000000024,1171.5400000000088,13020.029999999946,75660.8699999997,1480722.370000024,6495.400000000015,46012.0,0.0,67901.39000000042
2016-09-25,149.54536664400018,76798.23999999955,1107.9500000000228,11797.949999999839,76235.6499999994,1478106.1399999985,4301.359999999957,208988.0,0.0,64629.00000000073
2016-09-26,133.94601664900003,81045.79999999992,1091.7400000000312,11662.859999999831,80515.69999999966,1477496.3699999857,4652.939999999974,287145.0,0.0,67745.26999999954
2016-09-27,105.6391833120002,80986.50000000061,1174.9900000000134,11411.490000000025,80986.50000000061,1470829.9999999946,4450.810000000009,253893.0,0.05129999999999998,71925.93000000025
2016-09-28,30.836049932999966,82434.01999999958,1251.3299999999917,12206.070000000032,82434.01999999958,1464189.3799999992,8914.430000000031,295364.0,13.885200000000046,76852.5999999994
2016-09-29,127.02688330800002,71402.44999999898,825.0900000000132,14400.0,67082.19999999917,1470356.039999998,16433.24999999995,435484.0,0.0,49218.700000000405
2016-09-30,43.54343331499992,65729.62000000001,983.0999999999913,14271.749999999949,63875.06000000029,1483654.7100000079,5047.209999999922,287066.0,0.0,49160.84000000014
2016-10-01,23.373066734999988,73320.23999999961,1109.8399999999976,13980.349999999928,73084.66999999975,1479722.1200000055,5697.440000000013,256399.0,0.0,62116.60999999991
2016-10-02,29.084116659000028,80194.28000000087,1171.2200000000066,13308.580000000014,80042.82000000085,1467359.1500000122,8688.049999999925,315947.0,1.3451999999999988,71567.38000000054
2016-10-03,90.09249998600013,67517.37000000018,934.5700000000029,14387.799999999901,64804.93000000045,1478015.9999999905,8679.280000000028,337316.0,0.0,49797.61999999924
2016-10-04,37.80663331499986,63348.72000000063,1049.189999999983,13968.739999999934,61530.800000000796,1482063.8900000118,5878.300000000134,193204.0,0.0,49566.62000000044
2016-10-05,133.593350008,79937.77000000038,1131.730000000002,13337.00000000001,79303.36000000038,1466482.5700000022,9312.150000000001,280432.0,0.05129999999999998,69691.28000000026
2016-10-06,124.6946334220003,91824.42000000092,1182.2800000000195,12493.749999999949,91824.42000000092,1458010.2200000035,2890.800000000023,297560.0,1.524699999999993,83145.93000000069
2016-10-07,121.96710000300021,97847.19999999953,1105.9499999999987,11911.459999999992,97847.19999999953,1455114.540000013,10505.270000000064,227932.0,0.08840000000000013,86039.36999999969
2016-10-08,51.62460000699983,88360.20000000058,1044.2200000000028,13505.849999999855,88212.5400000006,1465409.7599999881,8335.879999999976,291734.0,0.0,73707.55999999998
2016-10-09,13.350466684000029,85541.62000000017,1126.9600000000032,11988.929999999968,85376.92000000016,1466214.1900000044,7073.120000000071,117738.0,1.7442000000000084,74998.06000000003
2016-10-10,128.74340003600037,89052.50999999921,1311.8700000000283,10223.360000000055,89052.50999999921,1439674.5499999942,6690.25000000004,321755.0,21.431900000000063,85193.35000000068
2016-10-11,118.51485006300011,63174.280000000035,1110.3600000000097,13136.389999999994,54730.86999999978,1437223.5899999815,17007.939999999995,400529.0,22.537899999999937,53152.270000000215
2016-10-12,117.1624500010002,72932.20999999982,823.4400000000109,14266.619999999835,71169.7699999995,1452011.770000012,15060.739999999989,382635.0,0.8835000000000008,49738.00999999971
2016-10-13,66.61769993600021,63884.59000000003,792.2400000000071,14400.0,57583.71999999963,1464176.220000001,16308.649999999938,409173.0,0.0,41181.45000000008
2016-10-14,121.4514999860002,56288.520000000106,770.9600000000027,14400.0,47798.800000000585,1477188.6699999967,13822.460000000068,444802.0,0.0,32904.6100000002
2016-10-15,119.9717832880001,48116.42999999949,1014.9299999999926,12603.990000000034,42937.36999999997,1484624.989999989,6829.160000000131,228091.0,6.044200000000009,34771.00999999974
2016-10-16,78.94356663900003,56907.02999999956,1232.740000000039,10510.829999999958,49288.07999999966,1467382.190000007,12822.710000000128,271067.0,29.996900000000316,50825.19999999963
2016-10-17,41.67550001099999,61857.03000000004,1076.0799999999786,14382.899999999938,57806.07000000055,1466547.4199999992,10097.990000000045,356318.0,0.410399999999998,50467.12999999982
2016-10-18,83.45808337600039,77278.28000000094,1093.1700000000023,13923.030000000108,76735.64000000102,1456001.2800000177,7756.400000000036,368146.0,4.38530000000001,66134.80999999933
2016-10-19,113.31173336000035,64590.540000000576,998.3000000000147,14235.719999999954,58915.150000000824,1467289.1299999973,11988.429999999868,458847.0,0.9613000000000018,50260.50000000011
2016-10-20,50.01789999699997,55421.57000000042,1105.9199999999842,14097.69999999999,52331.380000000056,1479619.1099999943,6956.580000000001,138464.0,0.0,44856.73000000015
2016-10-21,22.620516663,77549.53999999956,1106.0300000000184,14027.659999999849,75868.16000000008,1472387.2199999932,6747.650000000018,301480.0,0.0,66655.54000000024
2016-10-22,19.944916704999976,78729.56999999976,1217.5899999999901,12533.170000000153,78701.99999999978,1459521.1199999906,8063.509999999992,347865.0,1.3736999999999904,71976.66000000045
2016-10-23,127.55771668699994,68010.80000000013,888.9599999999996,14210.219999999956,64442.42999999947,1467695.8699999966,11390.780000000119,453254.0,0.0,48697.4299999998
2016-10-24,73.92668332600002,61929.969999999805,1081.949999999992,14097.909999999836,59529.6400000004,1469513.7800000177,6595.489999999956,338907.0,0.17339999999999986,50839.18000000022
2016-10-25,120.61645003199978,61040.32000000097,972.4199999999962,13836.640000000018,54262.87999999985,1475911.6500000064,12531.890000000245,305463.0,1.160399999999995,45868.54000000056
2016-10-26,111.32046665899996,52126.94999999976,998.3200000000055,14390.310000000047,48059.95000000056,1481932.7400000037,6754.979999999876,274962.0,0.0,37205.979999999465
2016-10-27,14.311033287999996,60817.680000000604,1005.6299999999994,14260.919999999993,58433.47000000014,1464096.3600000164,5565.500000000063,414627.0,0.0,45254.920000000246
2016-10-28,25.742600026999956,62504.24000000102,1174.3299999999954,13466.910000000005,58015.97000000038,1457740.1699999974,8316.809999999958,443309.0,0.9803999999999977,54876.93000000026
2016-10-29,57.73480000099997,63801.300000000796,827.7200000000034,14396.580000000029,58804.879999999765,1450295.3599999917,9824.560000000098,335989.0,0.0,42437.380000000034
2016-10-30,46.90733332599999,58806.48000000019,695.1200000000034,14400.0,50885.220000000205,1462101.5599999896,18361.069999999985,459956.0,0.05129999999999998,32309.93000000022
2016-10-31,112.94068344599997,56639.35999999996,761.3999999999997,14400.0,50116.670000000646,1469442.119999986,9560.549999999977,354970.0,0.0,33167.820000000575
2016-11-01,111.56423337299992,59377.509999999136,841.8799999999951,14346.990000000078,56240.799999999916,1462820.500000003,7446.559999999959,349585.0,0.0,37135.460000000036
2016-11-02,92.37991665300005,65660.91000000066,796.9400000000082,13523.979999999901,63331.88000000071,1462011.1000000034,6497.2300000000505,223645.0,8.520100000000001,41165.700000000106
2016-11-03,28.63518340100003,68666.96000000022,1288.9900000000173,10526.10000000008,65122.710000000625,1448985.6400000008,9717.899999999996,237566.0,20.145199999999974,64228.75999999884
2016-11-04,100.21721666100007,63938.45999999925,1126.3899999999896,11714.270000000011,60575.4599999997,1457326.5099999884,10601.149999999961,428640.0,0.0,53980.8400000003
2016-11-05,32.52953348800003,65835.15000000021,1038.9799999999868,13967.939999999959,62408.88000000027,1466927.4100000043,7559.919999999977,421555.0,0.0,52134.840000000215
2016-11-06,49.77921666700009,62951.65000000009,1103.6299999999987,13340.819999999918,61234.800000000134,1461228.8199999933,5127.240000000015,191511.0,0.0,51625.48999999997
2016-11-07,117.70684993200008,56983.360000000066,1198.4799999999898,10709.359999999875,48491.49000000003,1435821.9099999985,13734.010000000138,325315.0,22.611900000000304,50212.390000000036
2016-11-08,113.0138500070002,44542.92000000099,951.7100000000102,11977.190000000068,29769.470000000038,1439074.1799999997,20030.790000000477,395236.0,0.24510000000000018,30018.48999999997
2016-11-09,13.98698334199998,46583.9100000001,836.7000000000094,14273.780000000019,32604.559999999896,1458571.0500000124,19579.030000000013,428142.0,0.0,27756.699999999983
2016-11-10,109.4583999620001,45653.59000000008,897.2200000000071,14400.0,35256.53000000022,1474387.7000000016,12668.87999999998,455489.0,0.0,28818.30999999979
2016-11-11,113.42508334299994,49786.65000000018,1129.540000000002,13164.999999999947,45904.75999999997,1477440.2400000023,5203.450000000041,42434.0,2.963999999999979,40909.05000000045
2016-11-12,130.69073330900005,56655.44000000038,1357.8100000000115,4636.0599999999395,55269.39000000082,1473372.0100000096,3401.4800000000528,231182.0,0.24509999999999918,54453.57999999955
2016-11-13,138.14721673500003,53686.79999999988,1302.8100000000309,10332.939999999951,49696.47999999969,1466582.9299999932,5939.44999999998,444533.0,0.9918000000000007,49969.629999999575
2016-11-14,131.0672167090004,48113.610000000386,1163.850000000025,14109.54999999986,41329.7899999999,1466162.6699999836,8434.89999999997,426651.0,0.21660000000000057,40145.39999999988
2016-11-15,12.672566697000033,48314.49999999963,1119.8499999999876,14272.39999999993,45442.84000000009,1470800.1099999961,4602.48999999998,313658.0,0.0,38499.9399999996
2016-11-16,30.013466651000044,64951.06999999981,1355.6800000000308,7398.049999999999,63289.51999999986,1460021.8899999983,5028.469999999961,269699.0,28.55700000000006,62679.2400000003
2016-11-17,106.30951669900008,66726.97999999985,1361.6100000000274,8449.760000000042,64010.410000000425,1451286.1299999957,6413.410000000018,170621.0,39.50099999999956,64575.429999999775
2016-11-18,124.73508331699983,60515.379999999146,999.4799999999923,14359.610000000013,54269.87999999955,1447757.6399999924,12698.909999999854,378853.0,0.045600000000000016,46865.56999999962
2016-11-19,126.91681668400004,59257.68999999994,857.2199999999959,14382.330000000029,49989.43999999987,1454474.0500000073,15883.339999999891,402071.0,0.0,40336.49999999973
2016-11-20,25.50198334900004,51010.7500000005,832.9200000000048,14384.039999999952,40376.52000000073,1467930.8299999996,14871.390000000229,455046.0,0.0,31623.379999999997
2016-11-21,42.74780003100003,44061.09999999992,1091.2799999999927,11279.960000000043,39996.01000000007,1468468.57,5263.050000000088,225540.0,2.228699999999988,33581.57000000028
2016-11-22,109.352400004,49701.639999999876,1167.539999999992,13528.329999999954,44262.31000000016,1465531.4199999985,6862.679999999957,295484.0,0.0,41771.570000000036
2016-11-23,136.04176669899968,52011.82000000066,1218.3899999999971,10605.509999999946,49574.91000000022,1461440.4800000049,4561.7799999999925,139371.0,4.913399999999993,45716.61999999917
2016-11-24,21.54348340100006,48158.93999999995,1260.7100000000166,8563.760000000007,44105.33000000042,1460033.149999998,5717.789999999984,347535.0,0.0,43016.36000000026
2016-11-25,19.27628326700007,44659.10999999975,771.9399999999971,14305.95999999993,31182.189999999875,1461207.4800000007,17467.30000000014,412204.0,0.0,23058.340000000062
2016-11-26,32.45156666999997,32967.13999999987,771.3699999999887,14393.15999999987,20020.33000000009,1477039.1499999955,12053.40999999996,428957.0,0.0,11909.390000000041
2016-11-27,39.878133338999874,29624.52999999968,1050.069999999996,13547.289999999972,23804.55000000002,1485052.5200000005,5755.4400000000405,315885.0,0.09120000000000003,18255.830000000075
2016-11-28,128.39591665300026,47383.9199999997,1282.95000000001,8053.329999999984,41752.090000000055,1459704.0700000017,6767.940000000047,264074.0,15.418499999999929,43183.83999999946
2016-11-29,5.592516666000004,49453.13999999911,902.4800000000009,14009.060000000047,41410.24999999995,1465341.4899999977,9391.10999999997,338656.0,0.10260000000000007,32779.72999999988
2016-11-30,10.161900090000032,41808.789999999826,968.3899999999916,13687.129999999986,33170.159999999916,1459328.1099999899,9274.159999999985,359136.0,0.0,27278.750000000047
2016-12-01,44.40186666400002,27473.38999999984,650.7799999999977,13192.740000000049,6784.930000000059,1455604.3799999824,22893.31000000008,401934.0,0.1140000000000003,1503.3400000000029
2016-12-02,54.48291666800004,17260.27999999989,794.2600000000157,13638.689999999873,5078.550000000028,1480024.1399999901,8646.829999999925,331986.0,0.8711000000000026,-2030.680000000033
2016-12-03,32.640199931000105,38506.66000000019,1297.9200000000105,6986.720000000014,34693.86999999993,1461439.2000000007,4862.219999999985,191083.0,18.567300000000362,34914.309999999576
2016-12-04,130.18888332600005,48748.91999999982,971.3599999999954,11093.650000000009,37009.44999999962,1467774.579999977,15985.43000000004,392613.0,12.094000000000001,33631.60999999989
2016-12-05,8.522216618999996,18199.019999999884,865.0299999999949,14314.500000000051,7618.549999999989,1497043.6500000183,7558.7600000000175,272315.0,0.0,925.4099999999852
2016-12-06,69.1734166649999,28754.68000000022,883.3300000000015,14350.700000000026,20085.75999999984,1476271.7199999911,7366.340000000026,266027.0,0.5700000000000031,11836.06000000008
2016-12-07,6.958816723999999,41068.83000000063,1047.1200000000147,13545.040000000017,37671.930000000444,1469077.3999999936,4755.450000000034,296681.0,0.3130999999999998,29509.45999999994
2016-12-08,36.09461664699996,49659.09999999956,1000.6500000000079,13530.989999999934,42008.630000000274,1468431.3000000108,10099.61000000004,412742.0,0.19990000000000016,36748.92999999984
2016-12-09,93.10786659800004,50321.0999999996,993.7400000000168,12694.549999999761,42459.44999999978,1476661.1400000064,9649.600000000064,296383.0,9.061400000000003,36488.84000000006
2016-12-10,110.14653333599999,54841.59000000033,1084.3999999999996,13697.200000000043,45810.04999999994,1473686.5899999982,13361.359999999957,406798.0,2.9940999999999933,44092.37000000006
2016-12-11,82.47255004099995,38262.04000000026,778.2300000000027,14377.84999999997,28541.109999999826,1496668.9299999897,9188.159999999927,94096.0,0.0,16918.200000000084
2016-12-12,8.129833340999989,63213.120000000126,1141.8699999999924,11720.920000000047,57398.75999999969,1461986.659999995,13865.029999999922,307551.0,1.5504000000000016,54123.91000000037
2016-12-13,41.98996663100009,51200.39000000039,888.6199999999998,14244.95999999999,40760.3099999996,1461088.7200000195,14122.440000000035,429878.0,0.0,34120.81999999972
2016-12-14,52.33920002800001,43147.13999999976,1127.259999999996,10700.82000000012,38485.1799999999,1459900.2600000068,5817.220000000111,247282.0,13.164400000000068,34321.16000000021
2016-12-15,59.329549973999995,47062.29999999993,1085.6900000000035,12693.95999999992,36158.02999999984,1439091.060000019,14863.279999999862,380361.0,1.660899999999994,36834.81000000035
2016-12-16,0.8467999999999989,7629.2599999999875,167.36000000000027,1806.5999999999997,6187.699999999995,212532.8899999992,2004.7099999999978,40822.0,1.8213000000000008,6419.810000000041
